"10002","Erratic"
"10080","Erratic"
"10120","Erratic"
"10123C","Moderate"
"10124A","Stable"
"10124G","Stable"
"10125","Erratic"
"10133","Erratic"
"10135","Erratic"
"11001","Erratic"
"15030","Erratic"
"15034","Erratic"
"15036","Erratic"
"15039","Erratic"
"15044A","Erratic"
"15044B","Erratic"
"15044C","Erratic"
"15044D","Erratic"
"15056BL","Erratic"
"15056N","Erratic"
"15056P","Erratic"
"15058A","Erratic"
"15058B","Erratic"
"15058C","Erratic"
"15060B","Erratic"
"16008","Erratic"
"16010","Stable"
"16011","Moderate"
"16012","Moderate"
"16014","Erratic"
"16015","Erratic"
"16016","Erratic"
"16020C","Erratic"
"16033","Moderate"
"16043","Moderate"
"16045","Moderate"
"16046","Erratic"
"16048","Erratic"
"16049","Moderate"
"16052","Erratic"
"16054","Moderate"
"16151A","Erratic"
"16156L","Stable"
"16156S","Erratic"
"16161G","Moderate"
"16161M","Stable"
"16161P","Moderate"
"16161U","Erratic"
"16162L","Erratic"
"16162M","Erratic"
"16168M","Erratic"
"16169E","Moderate"
"16169K","Stable"
"16169M","Stable"
"16169N","Stable"
"16169P","Stable"
"16202A","Stable"
"16202B","Moderate"
"16202E","Moderate"
"16206B","Stable"
"16207A","Moderate"
"16207B","Moderate"
"16216","Erratic"
"16218","Erratic"
"16219","Erratic"
"16225","Erratic"
"16235","Erratic"
"16236","Erratic"
"16237","Erratic"
"16238","Erratic"
"16244B","Stable"
"16248B","Stable"
"16254","Erratic"
"16258A","Erratic"
"16259","Moderate"
"17001","Stable"
"17003","Erratic"
"17007B","Stable"
"17011F","Moderate"
"17012A","Erratic"
"17012B","Erratic"
"17012C","Erratic"
"17012D","Erratic"
"17012E","Erratic"
"17012F","Erratic"
"17013D","Erratic"
"17014A","Erratic"
"17021","Erratic"
"17028J","Stable"
"17038","Erratic"
"17084A","Stable"
"17084J","Stable"
"17084N","Erratic"
"17084P","Erratic"
"17084R","Erratic"
"17090A","Erratic"
"17090D","Moderate"
"17091A","Erratic"
"17091J","Erratic"
"17096","Erratic"
"17107D","Moderate"
"17109D","Moderate"
"17129F","Erratic"
"17136A","Erratic"
"17164B","Moderate"
"17165D","Moderate"
"17174","Moderate"
"17191A","Stable"
"18007","Erratic"
"18094C","Erratic"
"18097A","Stable"
"18097C","Erratic"
"18098C","Erratic"
"20615","Erratic"
"20616","Erratic"
"20617","Moderate"
"20618","Erratic"
"20619","Erratic"
"20622","Erratic"
"20652","Erratic"
"20653","Erratic"
"20654","Erratic"
"20655","Erratic"
"20657","Erratic"
"20658","Erratic"
"20659","Erratic"
"20661","Moderate"
"20662","Moderate"
"20663","Moderate"
"20664","Moderate"
"20665","Moderate"
"20666","Moderate"
"20667","Stable"
"20668","Erratic"
"20669","Erratic"
"20670","Stable"
"20671","Moderate"
"20674","Erratic"
"20675","Erratic"
"20676","Erratic"
"20677","Erratic"
"20678","Stable"
"20679","Erratic"
"20681","Moderate"
"20682","Erratic"
"20684","Moderate"
"20685","Erratic"
"20686","Erratic"
"20694","Moderate"
"20695","Stable"
"20696","Moderate"
"20697","Stable"
"20698","Stable"
"20699","Moderate"
"20700","Moderate"
"20701","Moderate"
"20702","Moderate"
"20703","Stable"
"20704","Moderate"
"20705","Erratic"
"20707","Erratic"
"20711","Erratic"
"20712","Erratic"
"20713","Erratic"
"20716","Erratic"
"20717","Erratic"
"20718","Erratic"
"20719","Erratic"
"20723","Erratic"
"20724","Erratic"
"20725","Erratic"
"20726","Erratic"
"20727","Erratic"
"20728","Erratic"
"20731","Erratic"
"20733","Erratic"
"20734","Moderate"
"20735","Erratic"
"20748","Erratic"
"20749","Erratic"
"20750","Erratic"
"20751","Erratic"
"20752","Erratic"
"20754","Erratic"
"20755","Erratic"
"20756","Stable"
"20757","Erratic"
"20758","Moderate"
"20759","Moderate"
"20760","Erratic"
"20761","Moderate"
"20762","Moderate"
"20763","Erratic"
"20764","Moderate"
"20765","Moderate"
"20766","Erratic"
"20767","Erratic"
"20768","Erratic"
"20769","Moderate"
"20770","Erratic"
"20771","Moderate"
"20772","Erratic"
"20773","Moderate"
"20774","Moderate"
"20775","Moderate"
"20777","Moderate"
"20778","Stable"
"20780","Erratic"
"20781","Stable"
"20782","Moderate"
"20785","Erratic"
"20793","Moderate"
"20794","Moderate"
"20795","Moderate"
"20796","Moderate"
"20798","Moderate"
"20801","Erratic"
"20802","Erratic"
"20803","Erratic"
"20816","Moderate"
"20818","Erratic"
"20819","Moderate"
"20820","Stable"
"20821","Moderate"
"20823","Moderate"
"20826","Moderate"
"20827","Moderate"
"20828","Erratic"
"20829","Erratic"
"20830","Moderate"
"20831","Erratic"
"20832","Erratic"
"20835","Stable"
"20836","Stable"
"20837","Stable"
"20838","Moderate"
"20839","Moderate"
"20840","Moderate"
"20845","Moderate"
"20846","Erratic"
"20847","Moderate"
"20848","Stable"
"20849","Stable"
"20851","Stable"
"20854","Erratic"
"20856","Moderate"
"20857","Erratic"
"20860","Stable"
"20861","Stable"
"20866","Erratic"
"20867","Erratic"
"20868","Erratic"
"20869","Erratic"
"20871","Stable"
"20878","Moderate"
"20886","Erratic"
"20892","Stable"
"20893","Erratic"
"20894","Moderate"
"20897","Erratic"
"20898","Erratic"
"20901","Stable"
"20902","Erratic"
"20903","Moderate"
"20906","Stable"
"20910","Stable"
"20914","Erratic"
"20931","Erratic"
"20932","Erratic"
"20933","Moderate"
"20934","Moderate"
"20935","Stable"
"20936","Moderate"
"20941","Erratic"
"20950","Stable"
"20954","Stable"
"20956","Erratic"
"20960","Moderate"
"20961","Erratic"
"20963","Erratic"
"20964","Stable"
"20966","Erratic"
"20967","Erratic"
"20969","Erratic"
"20970","Erratic"
"20971","Erratic"
"20972","Erratic"
"20973","Erratic"
"20974","Erratic"
"20975","Erratic"
"20977","Erratic"
"20978","Erratic"
"20979","Erratic"
"20980","Erratic"
"20981","Moderate"
"20982","Erratic"
"20983","Erratic"
"20984","Erratic"
"20985","Erratic"
"20986","Erratic"
"20992","Erratic"
"20996","Erratic"
"20997","Moderate"
"20998","Moderate"
"21000","Moderate"
"21001","Moderate"
"21002","Moderate"
"21003","Moderate"
"21009","Stable"
"21011","Moderate"
"21012","Erratic"
"21014","Erratic"
"21015","Erratic"
"21018","Erratic"
"21025","Erratic"
"21026","Erratic"
"21027","Erratic"
"21028","Erratic"
"21030","Moderate"
"21031","Erratic"
"21032","Erratic"
"21033","Erratic"
"21034","Erratic"
"21035","Erratic"
"21038","Moderate"
"21039","Erratic"
"21040","Moderate"
"21041","Erratic"
"21042","Moderate"
"21043","Erratic"
"21051","Erratic"
"21054","Erratic"
"21055","Moderate"
"21056","Erratic"
"21058","Erratic"
"21059","Moderate"
"21060","Moderate"
"21061","Erratic"
"21062","Moderate"
"21063","Erratic"
"21064","Erratic"
"21065","Erratic"
"21066","Erratic"
"21067","Erratic"
"21068","Erratic"
"21069","Erratic"
"21070","Erratic"
"21071","Erratic"
"21078","Erratic"
"21080","Erratic"
"21082","Moderate"
"21084","Erratic"
"21086","Erratic"
"21087","Moderate"
"21088","Erratic"
"21089","Moderate"
"21090","Erratic"
"21094","Erratic"
"21095","Erratic"
"21096","Erratic"
"21098","Erratic"
"21100","Erratic"
"21106","Erratic"
"21107","Erratic"
"21108","Erratic"
"21109","Erratic"
"21110","Erratic"
"21111","Erratic"
"21112","Erratic"
"21114","Moderate"
"21115","Erratic"
"21116","Erratic"
"21117","Moderate"
"21120","Stable"
"21121","Erratic"
"21122","Erratic"
"21123","Erratic"
"21124","Erratic"
"21125","Erratic"
"21126","Erratic"
"21128","Moderate"
"21129","Moderate"
"21131","Erratic"
"21132","Moderate"
"21134","Stable"
"21135","Erratic"
"21136","Erratic"
"21137","Erratic"
"21143","Erratic"
"21144","Stable"
"21145","Moderate"
"21147","Erratic"
"21154","Erratic"
"21155","Erratic"
"21156","Erratic"
"21157","Erratic"
"21158","Erratic"
"21159","Erratic"
"21160","Stable"
"21161","Erratic"
"21162","Erratic"
"21163","Erratic"
"21164","Erratic"
"21165","Erratic"
"21166","Erratic"
"21167","Erratic"
"21169","Erratic"
"21171","Erratic"
"21172","Erratic"
"21174","Erratic"
"21175","Erratic"
"21179","Erratic"
"21181","Erratic"
"21186","Stable"
"21187","Erratic"
"21188","Erratic"
"21189","Moderate"
"21190","Erratic"
"21191","Erratic"
"21192","Erratic"
"21194","Erratic"
"21195","Erratic"
"21196","Moderate"
"21197","Erratic"
"21198","Erratic"
"21199","Erratic"
"21200","Erratic"
"21201","Erratic"
"21202","Erratic"
"21204","Moderate"
"21205","Moderate"
"21206","Erratic"
"21207","Erratic"
"21208","Erratic"
"21209","Erratic"
"21210","Erratic"
"21211","Erratic"
"21212","Erratic"
"21213","Erratic"
"21215","Erratic"
"21216","Erratic"
"21217","Erratic"
"21218","Erratic"
"21219","Moderate"
"21220","Moderate"
"21221","Moderate"
"21222","Erratic"
"21224","Erratic"
"21226","Erratic"
"21228","Moderate"
"21231","Erratic"
"21232","Erratic"
"21238","Erratic"
"21239","Erratic"
"21240","Erratic"
"21242","Erratic"
"21243","Erratic"
"21244","Erratic"
"21245","Erratic"
"21246","Erratic"
"21248","Erratic"
"21249","Erratic"
"21250","Erratic"
"21251","Moderate"
"21253","Erratic"
"21257","Erratic"
"21258","Erratic"
"21259","Erratic"
"21260","Erratic"
"21261","Erratic"
"21262","Moderate"
"21263","Erratic"
"21264","Erratic"
"21265","Moderate"
"21268","Stable"
"21269","Erratic"
"21270","Moderate"
"21272","Erratic"
"21275","Stable"
"21277","Stable"
"21278","Moderate"
"21279","Erratic"
"21280","Moderate"
"21281","Erratic"
"21284","Erratic"
"21285","Erratic"
"21286","Erratic"
"21287","Erratic"
"21288","Erratic"
"21289","Erratic"
"21291","Erratic"
"21292","Erratic"
"21293","Erratic"
"21294","Erratic"
"21306","Erratic"
"21307","Erratic"
"21310","Stable"
"21311","Erratic"
"21313","Erratic"
"21314","Erratic"
"21316","Erratic"
"21317","Erratic"
"21318","Erratic"
"21319","Erratic"
"21320","Erratic"
"21324","Moderate"
"21326","Erratic"
"21327","Erratic"
"21328","Erratic"
"21329","Erratic"
"21331","Moderate"
"21332","Moderate"
"21333","Moderate"
"21336","Moderate"
"21340","Erratic"
"21344","Moderate"
"21348","Erratic"
"21349","Moderate"
"21351","Erratic"
"21352","Erratic"
"21354","Erratic"
"21355","Erratic"
"21356","Erratic"
"21357","Erratic"
"21358","Erratic"
"21359","Erratic"
"21360","Erratic"
"21361","Erratic"
"21363","Erratic"
"21364","Stable"
"21365","Erratic"
"21366","Moderate"
"21367","Erratic"
"21368","Erratic"
"21369","Moderate"
"21370","Moderate"
"21371","Erratic"
"21372","Moderate"
"21373","Moderate"
"21374","Erratic"
"21375","Stable"
"21376","Moderate"
"21377","Moderate"
"21378","Moderate"
"21379","Moderate"
"21380","Erratic"
"21381","Erratic"
"21382","Erratic"
"21383","Erratic"
"21385","Erratic"
"21386","Moderate"
"21389","Erratic"
"21390","Erratic"
"21391","Erratic"
"21392","Moderate"
"21393","Moderate"
"21394","Moderate"
"21395","Moderate"
"21397","Erratic"
"21398","Erratic"
"21399","Moderate"
"21400","Moderate"
"21401","Moderate"
"21402","Erratic"
"21403","Erratic"
"21407","Erratic"
"21408","Erratic"
"21410","Stable"
"21411","Erratic"
"21413","Moderate"
"21414","Stable"
"21415","Erratic"
"21416","Stable"
"21417","Erratic"
"21418","Moderate"
"21420","Erratic"
"21421","Erratic"
"21422","Erratic"
"21424","Erratic"
"21425","Erratic"
"21426","Erratic"
"21427","Moderate"
"21428","Erratic"
"21429","Erratic"
"21430","Erratic"
"21439","Erratic"
"21441","Erratic"
"21442","Erratic"
"21445","Erratic"
"21446","Erratic"
"21447","Erratic"
"21448","Erratic"
"21452","Erratic"
"21454","Erratic"
"21455","Erratic"
"21456","Moderate"
"21457","Erratic"
"21458","Moderate"
"21459","Moderate"
"21460","Moderate"
"21461","Moderate"
"21462","Erratic"
"21463","Erratic"
"21464","Moderate"
"21465","Moderate"
"21466","Erratic"
"21467","Erratic"
"21468","Moderate"
"21469","Moderate"
"21470","Moderate"
"21471","Erratic"
"21472","Erratic"
"21473","Stable"
"21476","Moderate"
"21479","Erratic"
"21481","Erratic"
"21484","Erratic"
"21485","Erratic"
"21486","Moderate"
"21488","Erratic"
"21491","Stable"
"21494","Erratic"
"21495","Erratic"
"21497","Erratic"
"21498","Erratic"
"21499","Moderate"
"21500","Moderate"
"21503","Erratic"
"21504","Erratic"
"21506","Erratic"
"21507","Erratic"
"21508","Erratic"
"21509","Erratic"
"21518","Erratic"
"21519","Moderate"
"21520","Erratic"
"21523","Erratic"
"21524","Erratic"
"21527","Erratic"
"21528","Moderate"
"21530","Erratic"
"21531","Erratic"
"21533","Erratic"
"21534","Moderate"
"21535","Erratic"
"21537","Erratic"
"21538","Moderate"
"21539","Erratic"
"21544","Erratic"
"21547","Moderate"
"21555","Erratic"
"21556","Erratic"
"21557","Erratic"
"21558","Erratic"
"21559","Erratic"
"21561","Erratic"
"21562","Erratic"
"21563","Erratic"
"21564","Erratic"
"21576","Moderate"
"21577","Moderate"
"21578","Erratic"
"21579","Moderate"
"21580","Erratic"
"21581","Erratic"
"21584","Erratic"
"21586","Erratic"
"21587","Erratic"
"21588","Erratic"
"21591","Erratic"
"21592","Erratic"
"21594","Stable"
"21595","Stable"
"21609","Erratic"
"21613","Erratic"
"21614","Erratic"
"21615","Erratic"
"21616","Erratic"
"21617","Erratic"
"21618","Erratic"
"21619","Erratic"
"21620","Erratic"
"21621","Erratic"
"21622","Moderate"
"21623","Erratic"
"21624","Moderate"
"21625","Moderate"
"21626","Moderate"
"21627","Moderate"
"21628","Erratic"
"21629","Moderate"
"21630","Erratic"
"21631","Erratic"
"21632","Erratic"
"21633","Erratic"
"21634","Erratic"
"21635","Erratic"
"21636","Erratic"
"21637","Moderate"
"21638","Erratic"
"21640","Erratic"
"21641","Erratic"
"21642","Erratic"
"21643","Erratic"
"21644","Erratic"
"21647","Erratic"
"21648","Erratic"
"21650","Erratic"
"21651","Erratic"
"21654","Erratic"
"21655","Stable"
"21656","Moderate"
"21657","Moderate"
"21658","Erratic"
"21661","Stable"
"21662","Erratic"
"21664","Erratic"
"21666","Moderate"
"21667","Stable"
"21668","Erratic"
"21669","Erratic"
"21670","Erratic"
"21671","Erratic"
"21672","Erratic"
"21673","Erratic"
"21675","Erratic"
"21676","Erratic"
"21677","Moderate"
"21678","Moderate"
"21679","Erratic"
"21680","Erratic"
"21681","Stable"
"21682","Erratic"
"21683","Moderate"
"21684","Erratic"
"21686","Erratic"
"21688","Erratic"
"21689","Moderate"
"21690","Erratic"
"21692","Stable"
"21693","Moderate"
"21694","Erratic"
"21695","Moderate"
"21696","Moderate"
"21698","Erratic"
"21700","Erratic"
"21703","Erratic"
"21704","Erratic"
"21705","Erratic"
"21706","Moderate"
"21707","Moderate"
"21708","Erratic"
"21709","Moderate"
"21710","Moderate"
"21711","Erratic"
"21713","Erratic"
"21714","Erratic"
"21715","Erratic"
"21716","Erratic"
"21717","Erratic"
"21718","Erratic"
"21719","Erratic"
"21720","Moderate"
"21721","Erratic"
"21722","Erratic"
"21723","Erratic"
"21724","Erratic"
"21725","Erratic"
"21726","Moderate"
"21730","Moderate"
"21731","Erratic"
"21733","Erratic"
"21735","Erratic"
"21736","Moderate"
"21738","Moderate"
"21739","Moderate"
"21741","Moderate"
"21742","Erratic"
"21743","Erratic"
"21744","Moderate"
"21745","Erratic"
"21746","Erratic"
"21747","Erratic"
"21749","Erratic"
"21750","Erratic"
"21754","Erratic"
"21755","Erratic"
"21756","Moderate"
"21757","Stable"
"21758","Moderate"
"21761","Stable"
"21763","Stable"
"21769","Moderate"
"21770","Erratic"
"21773","Erratic"
"21774","Erratic"
"21775","Erratic"
"21777","Moderate"
"21781","Moderate"
"21784","Moderate"
"21785","Erratic"
"21786","Erratic"
"21787","Erratic"
"21788","Erratic"
"21789","Erratic"
"21790","Erratic"
"21791","Erratic"
"21792","Erratic"
"21793","Erratic"
"21794","Erratic"
"21801","Erratic"
"21802","Erratic"
"21803","Erratic"
"21804","Erratic"
"21807","Erratic"
"21808","Moderate"
"21809","Erratic"
"21810","Erratic"
"21811","Erratic"
"21812","Erratic"
"21813","Erratic"
"21814","Moderate"
"21815","Erratic"
"21816","Erratic"
"21817","Erratic"
"21818","Erratic"
"21819","Erratic"
"21820","Erratic"
"21821","Erratic"
"21822","Erratic"
"21823","Erratic"
"21824","Moderate"
"21826","Moderate"
"21827","Moderate"
"21828","Erratic"
"21829","Erratic"
"21830","Erratic"
"21832","Erratic"
"21833","Erratic"
"21836","Stable"
"21839","Stable"
"21841","Erratic"
"21843","Erratic"
"21844","Erratic"
"21845","Moderate"
"21846","Erratic"
"21847","Erratic"
"21849","Erratic"
"21850","Erratic"
"21851","Erratic"
"21864","Erratic"
"21865","Moderate"
"21866","Erratic"
"21867","Erratic"
"21868","Erratic"
"21870","Erratic"
"21871","Erratic"
"21872","Erratic"
"21873","Erratic"
"21874","Erratic"
"21875","Erratic"
"21876","Erratic"
"21877","Erratic"
"21878","Erratic"
"21879","Erratic"
"21880","Erratic"
"21881","Erratic"
"21882","Erratic"
"21883","Erratic"
"21884","Erratic"
"21888","Erratic"
"21889","Erratic"
"21890","Erratic"
"21891","Erratic"
"21892","Erratic"
"21894","Erratic"
"21895","Stable"
"21896","Erratic"
"21897","Erratic"
"21898","Erratic"
"21899","Erratic"
"21900","Erratic"
"21901","Erratic"
"21902","Erratic"
"21903","Erratic"
"21904","Erratic"
"21905","Erratic"
"21906","Erratic"
"21907","Erratic"
"21908","Erratic"
"21910","Erratic"
"21911","Erratic"
"21912","Erratic"
"21913","Erratic"
"21914","Erratic"
"21915","Erratic"
"21916","Erratic"
"21917","Erratic"
"21918","Erratic"
"21922","Erratic"
"21925","Moderate"
"21926","Moderate"
"21927","Moderate"
"21928","Erratic"
"21929","Erratic"
"21930","Erratic"
"21931","Erratic"
"21932","Erratic"
"21933","Erratic"
"21934","Erratic"
"21935","Erratic"
"21936","Erratic"
"21937","Erratic"
"21942","Erratic"
"21943","Erratic"
"21944","Erratic"
"21945","Erratic"
"21946","Erratic"
"21947","Erratic"
"21948","Erratic"
"21949","Erratic"
"21955","Erratic"
"21967","Erratic"
"21972","Erratic"
"21973","Erratic"
"21974","Erratic"
"21975","Erratic"
"21976","Erratic"
"21977","Erratic"
"21980","Erratic"
"21981","Erratic"
"21982","Erratic"
"21983","Erratic"
"21984","Erratic"
"21985","Erratic"
"21986","Erratic"
"21987","Erratic"
"21988","Erratic"
"21989","Erratic"
"21990","Erratic"
"21991","Erratic"
"21992","Erratic"
"21993","Erratic"
"22016","Stable"
"22021","Moderate"
"22023","Moderate"
"22024","Erratic"
"22025","Erratic"
"22026","Erratic"
"22027","Erratic"
"22028","Erratic"
"22029","Erratic"
"22030","Erratic"
"22031","Moderate"
"22032","Moderate"
"22033","Moderate"
"22034","Moderate"
"22035","Erratic"
"22037","Erratic"
"22038","Stable"
"22039","Moderate"
"22040","Stable"
"22041","Erratic"
"22042","Moderate"
"22043","Erratic"
"22044","Moderate"
"22045","Erratic"
"22046","Moderate"
"22047","Moderate"
"22048","Moderate"
"22049","Stable"
"22050","Moderate"
"22051","Stable"
"22052","Stable"
"22053","Erratic"
"22055","Erratic"
"22057","Erratic"
"22059","Erratic"
"22060","Moderate"
"22061","Erratic"
"22062","Erratic"
"22063","Erratic"
"22064","Erratic"
"22065","Erratic"
"22066","Erratic"
"22067","Erratic"
"22068","Erratic"
"22069","Erratic"
"22070","Erratic"
"22071","Erratic"
"22072","Erratic"
"22073","Erratic"
"22074","Erratic"
"22075","Erratic"
"22076","Erratic"
"22077","Erratic"
"22078","Erratic"
"22079","Erratic"
"22080","Erratic"
"22081","Moderate"
"22082","Erratic"
"22083","Erratic"
"22084","Erratic"
"22085","Erratic"
"22086","Erratic"
"22087","Erratic"
"22088","Erratic"
"22089","Erratic"
"22090","Erratic"
"22091","Erratic"
"22092","Erratic"
"22093","Erratic"
"22094","Erratic"
"22095","Erratic"
"22096","Erratic"
"22097","Erratic"
"22098","Erratic"
"22099","Erratic"
"22100","Erratic"
"22101","Erratic"
"22102","Erratic"
"22103","Erratic"
"22104","Erratic"
"22105","Erratic"
"22106","Erratic"
"22107","Moderate"
"22108","Erratic"
"22109","Erratic"
"22110","Erratic"
"22111","Erratic"
"22112","Erratic"
"22113","Erratic"
"22114","Erratic"
"22115","Erratic"
"22116","Erratic"
"22117","Erratic"
"22118","Erratic"
"22119","Erratic"
"22120","Erratic"
"22121","Erratic"
"22123","Erratic"
"22124","Erratic"
"22125","Moderate"
"22127","Erratic"
"22128","Erratic"
"22129","Erratic"
"22130","Erratic"
"22131","Erratic"
"22132","Erratic"
"22133","Erratic"
"22134","Erratic"
"22135","Erratic"
"22136","Erratic"
"22137","Erratic"
"22138","Erratic"
"22139","Erratic"
"22141","Erratic"
"22142","Erratic"
"22144","Erratic"
"22145","Moderate"
"22146","Stable"
"22147","Erratic"
"22148","Erratic"
"22149","Erratic"
"22150","Erratic"
"22151","Erratic"
"22152","Erratic"
"22153","Erratic"
"22154","Erratic"
"22155","Erratic"
"22156","Erratic"
"22157","Moderate"
"22158","Erratic"
"22161","Erratic"
"22162","Moderate"
"22163","Erratic"
"22164","Erratic"
"22165","Erratic"
"22166","Erratic"
"22167","Erratic"
"22168","Moderate"
"22169","Erratic"
"22170","Erratic"
"22171","Erratic"
"22173","Erratic"
"22174","Erratic"
"22175","Erratic"
"22176","Erratic"
"22178","Erratic"
"22179","Erratic"
"22180","Moderate"
"22181","Erratic"
"22182","Erratic"
"22183","Erratic"
"22184","Stable"
"22185","Erratic"
"22186","Erratic"
"22187","Erratic"
"22188","Erratic"
"22189","Erratic"
"22190","Erratic"
"22191","Erratic"
"22192","Erratic"
"22193","Erratic"
"22194","Stable"
"22195","Erratic"
"22196","Erratic"
"22197","Erratic"
"22198","Erratic"
"22199","Erratic"
"22200","Erratic"
"22201","Erratic"
"22202","Moderate"
"22203","Erratic"
"22204","Moderate"
"22206","Stable"
"22207","Erratic"
"22208","Erratic"
"22209","Erratic"
"22210","Erratic"
"22211","Erratic"
"22212","Erratic"
"22214","Erratic"
"22215","Erratic"
"22216","Erratic"
"22217","Erratic"
"22218","Stable"
"22219","Erratic"
"22220","Moderate"
"22221","Moderate"
"22222","Erratic"
"22223","Erratic"
"22224","Moderate"
"22227","Erratic"
"22228","Erratic"
"22229","Erratic"
"22230","Erratic"
"22231","Erratic"
"22232","Erratic"
"22233","Erratic"
"22236","Erratic"
"22241","Erratic"
"22242","Erratic"
"22243","Erratic"
"22244","Erratic"
"22245","Erratic"
"22246","Erratic"
"22247","Erratic"
"22248","Erratic"
"22249","Erratic"
"22250","Erratic"
"22251","Erratic"
"22252","Erratic"
"22254","Erratic"
"22255","Erratic"
"22256","Erratic"
"22257","Erratic"
"22258","Erratic"
"22259","Erratic"
"22260","Erratic"
"22261","Erratic"
"22262","Erratic"
"22263","Erratic"
"22264","Erratic"
"22265","Erratic"
"22266","Erratic"
"22267","Erratic"
"22268","Erratic"
"22269","Erratic"
"22270","Erratic"
"22271","Erratic"
"22272","Erratic"
"22273","Erratic"
"22274","Erratic"
"22275","Stable"
"22276","Erratic"
"22277","Erratic"
"22278","Erratic"
"22279","Erratic"
"22280","Erratic"
"22281","Moderate"
"22282","Moderate"
"22283","Moderate"
"22284","Moderate"
"22285","Erratic"
"22286","Erratic"
"22287","Erratic"
"22288","Erratic"
"22289","Erratic"
"22291","Erratic"
"22292","Erratic"
"22293","Erratic"
"22294","Erratic"
"22295","Erratic"
"22296","Erratic"
"22297","Erratic"
"22299","Erratic"
"22300","Erratic"
"22301","Erratic"
"22302","Erratic"
"22303","Erratic"
"22304","Erratic"
"22305","Erratic"
"22306","Moderate"
"22307","Moderate"
"22308","Erratic"
"22309","Erratic"
"22310","Erratic"
"22311","Erratic"
"22312","Erratic"
"22313","Erratic"
"22314","Erratic"
"22315","Erratic"
"22316","Erratic"
"22317","Moderate"
"22318","Moderate"
"22319","Erratic"
"22320","Moderate"
"22321","Erratic"
"22322","Erratic"
"22323","Stable"
"22324","Erratic"
"22325","Moderate"
"22326","Erratic"
"22327","Erratic"
"22328","Erratic"
"22329","Erratic"
"22331","Erratic"
"22332","Erratic"
"22333","Erratic"
"22334","Erratic"
"22335","Erratic"
"22336","Erratic"
"22337","Erratic"
"22338","Erratic"
"22339","Erratic"
"22340","Moderate"
"22341","Erratic"
"22342","Erratic"
"22343","Erratic"
"22344","Erratic"
"22345","Erratic"
"22346","Erratic"
"22348","Erratic"
"22349","Erratic"
"22350","Erratic"
"22351","Moderate"
"22352","Erratic"
"22353","Erratic"
"22354","Erratic"
"22355","Erratic"
"22356","Erratic"
"22357","Erratic"
"22358","Erratic"
"22359","Moderate"
"22360","Erratic"
"22361","Erratic"
"22362","Erratic"
"22363","Erratic"
"22364","Erratic"
"22365","Erratic"
"22366","Erratic"
"22367","Erratic"
"22371","Erratic"
"22372","Moderate"
"22374","Erratic"
"22375","Erratic"
"22376","Moderate"
"22377","Erratic"
"22378","Erratic"
"22379","Erratic"
"22380","Erratic"
"22381","Erratic"
"22382","Erratic"
"22383","Erratic"
"22384","Erratic"
"22385","Erratic"
"22386","Erratic"
"22389","Erratic"
"22390","Erratic"
"22391","Erratic"
"22393","Erratic"
"22394","Erratic"
"22395","Erratic"
"22396","Erratic"
"22398","Erratic"
"22399","Erratic"
"22400","Erratic"
"22402","Erratic"
"22403","Erratic"
"22405","Moderate"
"22406","Erratic"
"22407","Erratic"
"22408","Erratic"
"22409","Erratic"
"22410","Erratic"
"22411","Erratic"
"22412","Erratic"
"22413","Erratic"
"22414","Erratic"
"22415","Moderate"
"22416","Erratic"
"22417","Erratic"
"22418","Erratic"
"22419","Erratic"
"22420","Erratic"
"22421","Erratic"
"22422","Erratic"
"22423","Erratic"
"22424","Erratic"
"22425","Erratic"
"22426","Erratic"
"22427","Erratic"
"22428","Moderate"
"22429","Erratic"
"22430","Erratic"
"22431","Erratic"
"22432","Erratic"
"22433","Erratic"
"22434","Erratic"
"22435","Erratic"
"22436","Moderate"
"22437","Erratic"
"22438","Erratic"
"22439","Erratic"
"22440","Erratic"
"22441","Erratic"
"22442","Erratic"
"22443","Moderate"
"22444","Erratic"
"22445","Erratic"
"22446","Moderate"
"22447","Moderate"
"22448","Moderate"
"22449","Moderate"
"22450","Moderate"
"22451","Erratic"
"22452","Erratic"
"22453","Erratic"
"22454","Erratic"
"22456","Erratic"
"22457","Erratic"
"22458","Erratic"
"22459","Erratic"
"22460","Erratic"
"22461","Erratic"
"22464","Erratic"
"22465","Erratic"
"22466","Erratic"
"22467","Erratic"
"22468","Erratic"
"22469","Erratic"
"22470","Erratic"
"22471","Erratic"
"22472","Erratic"
"22473","Erratic"
"22474","Erratic"
"22475","Erratic"
"22476","Erratic"
"22477","Erratic"
"22478","Erratic"
"22479","Erratic"
"22480","Erratic"
"22481","Erratic"
"22482","Erratic"
"22483","Erratic"
"22485","Erratic"
"22486","Erratic"
"22487","Erratic"
"22488","Erratic"
"22489","Erratic"
"22491","Erratic"
"22492","Erratic"
"22493","Erratic"
"22494","Erratic"
"22495","Erratic"
"22496","Erratic"
"22497","Moderate"
"22498","Moderate"
"22499","Erratic"
"22500","Moderate"
"22501","Erratic"
"22502","Erratic"
"22503","Erratic"
"22504","Erratic"
"22505","Erratic"
"22507","Erratic"
"22508","Erratic"
"22509","Erratic"
"22510","Erratic"
"22511","Erratic"
"22512","Moderate"
"22513","Erratic"
"22514","Erratic"
"22515","Erratic"
"22516","Erratic"
"22517","Erratic"
"22518","Erratic"
"22519","Erratic"
"22520","Moderate"
"22521","Moderate"
"22522","Erratic"
"22523","Erratic"
"22524","Erratic"
"22525","Erratic"
"22526","Moderate"
"22528","Stable"
"22529","Erratic"
"22530","Erratic"
"22531","Erratic"
"22532","Erratic"
"22533","Erratic"
"22534","Erratic"
"22535","Erratic"
"22536","Erratic"
"22537","Erratic"
"22538","Erratic"
"22539","Erratic"
"22540","Erratic"
"22541","Erratic"
"22543","Erratic"
"22544","Erratic"
"22545","Erratic"
"22546","Erratic"
"22547","Erratic"
"22548","Erratic"
"22549","Erratic"
"22550","Erratic"
"22551","Erratic"
"22553","Erratic"
"22554","Erratic"
"22555","Erratic"
"22556","Erratic"
"22557","Erratic"
"22558","Erratic"
"22559","Erratic"
"22560","Erratic"
"22561","Erratic"
"22562","Erratic"
"22563","Erratic"
"22564","Erratic"
"22565","Erratic"
"22566","Erratic"
"22567","Erratic"
"22568","Erratic"
"22569","Erratic"
"22570","Erratic"
"22571","Erratic"
"22572","Erratic"
"22573","Erratic"
"22574","Erratic"
"22575","Erratic"
"22576","Erratic"
"22577","Erratic"
"22578","Erratic"
"22579","Moderate"
"22580","Erratic"
"22581","Erratic"
"22582","Erratic"
"22583","Erratic"
"22584","Erratic"
"22585","Erratic"
"22586","Erratic"
"22587","Erratic"
"22588","Moderate"
"22589","Erratic"
"22591","Erratic"
"22592","Erratic"
"22593","Erratic"
"22594","Erratic"
"22595","Erratic"
"22596","Erratic"
"22597","Erratic"
"22598","Erratic"
"22599","Erratic"
"22600","Erratic"
"22601","Erratic"
"22602","Erratic"
"22603","Erratic"
"22604","Erratic"
"22605","Erratic"
"22606","Moderate"
"22607","Erratic"
"22608","Erratic"
"22609","Moderate"
"22610","Erratic"
"22611","Erratic"
"22613","Erratic"
"22614","Moderate"
"22615","Erratic"
"22616","Erratic"
"22617","Erratic"
"22618","Erratic"
"22619","Erratic"
"22620","Erratic"
"22621","Erratic"
"22622","Erratic"
"22623","Erratic"
"22624","Erratic"
"22625","Erratic"
"22626","Erratic"
"22627","Erratic"
"22628","Erratic"
"22629","Erratic"
"22630","Erratic"
"22631","Erratic"
"22632","Erratic"
"22633","Erratic"
"22634","Erratic"
"22635","Erratic"
"22636","Moderate"
"22637","Erratic"
"22638","Erratic"
"22639","Erratic"
"22640","Erratic"
"22641","Erratic"
"22642","Erratic"
"22643","Erratic"
"22644","Erratic"
"22645","Erratic"
"22646","Erratic"
"22647","Erratic"
"22649","Erratic"
"22650","Erratic"
"22651","Erratic"
"22652","Erratic"
"22653","Erratic"
"22654","Erratic"
"22655","Stable"
"22656","Stable"
"22659","Erratic"
"22660","Erratic"
"22661","Erratic"
"22662","Erratic"
"22663","Erratic"
"22664","Erratic"
"22665","Erratic"
"22666","Erratic"
"22667","Erratic"
"22668","Erratic"
"22669","Erratic"
"22670","Erratic"
"22671","Erratic"
"22672","Erratic"
"22673","Moderate"
"22674","Erratic"
"22675","Erratic"
"22676","Erratic"
"22677","Erratic"
"22678","Erratic"
"22679","Erratic"
"22680","Erratic"
"22681","Moderate"
"22682","Moderate"
"22683","Erratic"
"22684","Moderate"
"22685","Erratic"
"22686","Erratic"
"22687","Erratic"
"22688","Erratic"
"22689","Erratic"
"22690","Erratic"
"22691","Erratic"
"22692","Erratic"
"22693","Erratic"
"22694","Erratic"
"22695","Erratic"
"22696","Erratic"
"22697","Erratic"
"22698","Erratic"
"22699","Erratic"
"22700","Erratic"
"22701","Erratic"
"22702","Erratic"
"22703","Erratic"
"22704","Erratic"
"22705","Stable"
"22706","Moderate"
"22707","Stable"
"22708","Moderate"
"22709","Erratic"
"22710","Erratic"
"22711","Moderate"
"22712","Erratic"
"22713","Erratic"
"22714","Erratic"
"22715","Erratic"
"22716","Erratic"
"22717","Moderate"
"22718","Moderate"
"22719","Erratic"
"22720","Erratic"
"22721","Erratic"
"22722","Erratic"
"22723","Erratic"
"22725","Erratic"
"22726","Erratic"
"22727","Erratic"
"22728","Erratic"
"22729","Erratic"
"22730","Erratic"
"22731","Erratic"
"22732","Erratic"
"22733","Erratic"
"22734","Erratic"
"22735","Erratic"
"22736","Erratic"
"22737","Moderate"
"22738","Erratic"
"22739","Erratic"
"22740","Erratic"
"22741","Erratic"
"22742","Erratic"
"22743","Erratic"
"22744","Erratic"
"22745","Erratic"
"22746","Erratic"
"22747","Erratic"
"22748","Erratic"
"22749","Erratic"
"22750","Erratic"
"22751","Erratic"
"22752","Erratic"
"22753","Erratic"
"22754","Erratic"
"22755","Erratic"
"22756","Erratic"
"22757","Erratic"
"22758","Erratic"
"22759","Erratic"
"22760","Erratic"
"22761","Moderate"
"22762","Moderate"
"22763","Moderate"
"22764","Stable"
"22765","Erratic"
"22766","Erratic"
"22767","Erratic"
"22768","Erratic"
"22769","Moderate"
"22770","Moderate"
"22771","Erratic"
"22772","Erratic"
"22773","Erratic"
"22774","Erratic"
"22775","Erratic"
"22776","Erratic"
"22777","Erratic"
"22778","Erratic"
"22779","Erratic"
"22780","Erratic"
"22781","Erratic"
"22782","Erratic"
"22783","Erratic"
"22784","Erratic"
"22785","Erratic"
"22786","Moderate"
"22788","Erratic"
"22789","Moderate"
"22791","Erratic"
"22792","Erratic"
"22794","Moderate"
"22795","Erratic"
"22796","Moderate"
"22797","Erratic"
"22798","Erratic"
"22799","Erratic"
"22800","Erratic"
"22801","Erratic"
"22802","Moderate"
"22803","Moderate"
"22804","Erratic"
"22805","Erratic"
"22806","Erratic"
"22807","Erratic"
"22808","Erratic"
"22809","Erratic"
"22810","Erratic"
"22811","Erratic"
"22812","Erratic"
"22813","Erratic"
"22814","Erratic"
"22815","Erratic"
"22816","Moderate"
"22817","Erratic"
"22818","Moderate"
"22819","Erratic"
"22820","Erratic"
"22821","Moderate"
"22822","Erratic"
"22823","Erratic"
"22824","Moderate"
"22825","Moderate"
"22826","Moderate"
"22827","Stable"
"22828","Stable"
"22829","Moderate"
"22830","Erratic"
"22831","Erratic"
"22832","Moderate"
"22833","Erratic"
"22834","Erratic"
"22835","Erratic"
"22837","Erratic"
"22838","Erratic"
"22839","Erratic"
"22840","Erratic"
"22841","Erratic"
"22842","Erratic"
"22843","Erratic"
"22844","Erratic"
"22845","Erratic"
"22846","Erratic"
"22847","Erratic"
"22848","Erratic"
"22849","Erratic"
"22851","Erratic"
"22852","Moderate"
"22853","Moderate"
"22854","Erratic"
"22855","Erratic"
"22856","Erratic"
"22857","Erratic"
"22858","Erratic"
"22859","Erratic"
"22860","Erratic"
"22861","Erratic"
"22862","Moderate"
"22863","Erratic"
"22865","Erratic"
"22866","Erratic"
"22867","Erratic"
"22868","Erratic"
"22869","Erratic"
"22870","Erratic"
"22871","Erratic"
"22872","Erratic"
"22873","Erratic"
"22874","Moderate"
"22875","Erratic"
"22876","Erratic"
"22877","Moderate"
"22878","Erratic"
"22879","Erratic"
"22880","Erratic"
"22881","Erratic"
"22882","Erratic"
"22883","Erratic"
"22884","Erratic"
"22885","Erratic"
"22886","Erratic"
"22887","Erratic"
"22888","Erratic"
"22889","Erratic"
"22890","Erratic"
"22891","Erratic"
"22892","Moderate"
"22893","Erratic"
"22894","Moderate"
"22895","Erratic"
"22896","Erratic"
"22897","Erratic"
"22898","Erratic"
"22899","Erratic"
"22900","Erratic"
"22902","Erratic"
"22903","Erratic"
"22904","Erratic"
"22905","Erratic"
"22906","Erratic"
"22907","Erratic"
"22908","Erratic"
"22909","Erratic"
"22910","Erratic"
"22911","Erratic"
"22912","Erratic"
"22913","Erratic"
"22914","Erratic"
"22915","Erratic"
"22916","Erratic"
"22917","Erratic"
"22918","Erratic"
"22919","Erratic"
"22920","Erratic"
"22921","Erratic"
"22922","Erratic"
"22923","Erratic"
"22924","Erratic"
"22925","Erratic"
"22926","Erratic"
"22927","Erratic"
"22928","Erratic"
"22929","Moderate"
"22930","Erratic"
"22931","Erratic"
"22932","Erratic"
"22933","Erratic"
"22934","Erratic"
"22935","Erratic"
"22936","Erratic"
"22937","Erratic"
"22938","Erratic"
"22939","Erratic"
"22940","Erratic"
"22941","Erratic"
"22942","Erratic"
"22943","Erratic"
"22944","Erratic"
"22945","Erratic"
"22946","Erratic"
"22947","Erratic"
"22948","Erratic"
"22949","Erratic"
"22950","Erratic"
"22951","Erratic"
"22952","Erratic"
"22953","Erratic"
"22954","Erratic"
"22955","Erratic"
"22956","Erratic"
"22957","Erratic"
"22959","Erratic"
"22960","Erratic"
"22961","Erratic"
"22962","Erratic"
"22963","Erratic"
"22964","Erratic"
"22965","Erratic"
"22966","Erratic"
"22967","Erratic"
"22968","Erratic"
"22969","Erratic"
"22970","Erratic"
"22971","Erratic"
"22972","Erratic"
"22973","Erratic"
"22974","Erratic"
"22975","Moderate"
"22976","Moderate"
"22977","Moderate"
"22978","Erratic"
"22979","Erratic"
"22980","Erratic"
"22981","Erratic"
"22982","Erratic"
"22983","Erratic"
"22984","Erratic"
"22985","Erratic"
"22986","Moderate"
"22987","Stable"
"22988","Erratic"
"22989","Erratic"
"22990","Erratic"
"22991","Erratic"
"22992","Erratic"
"22993","Erratic"
"22994","Erratic"
"22995","Erratic"
"22996","Erratic"
"22997","Erratic"
"22998","Erratic"
"22999","Erratic"
"23000","Erratic"
"23001","Stable"
"23002","Erratic"
"23003","Erratic"
"23004","Erratic"
"23005","Erratic"
"23006","Erratic"
"23007","Erratic"
"23008","Erratic"
"23009","Erratic"
"23010","Erratic"
"23012","Erratic"
"23013","Erratic"
"23014","Erratic"
"23015","Moderate"
"23016","Moderate"
"23017","Moderate"
"23018","Erratic"
"23019","Erratic"
"23020","Erratic"
"23021","Moderate"
"23022","Erratic"
"23023","Erratic"
"23024","Moderate"
"23025","Stable"
"23026","Erratic"
"23027","Erratic"
"23028","Erratic"
"23029","Erratic"
"23031","Erratic"
"23032","Erratic"
"23033","Erratic"
"23034","Erratic"
"23035","Erratic"
"23036","Moderate"
"23037","Moderate"
"23038","Moderate"
"23039","Moderate"
"23040","Erratic"
"23041","Erratic"
"23042","Erratic"
"23043","Moderate"
"23044","Erratic"
"23045","Erratic"
"23046","Erratic"
"23047","Moderate"
"23048","Erratic"
"23049","Moderate"
"23050","Moderate"
"23051","Moderate"
"23052","Moderate"
"23053","Erratic"
"23054","Moderate"
"23055","Erratic"
"23056","Erratic"
"23057","Erratic"
"23058","Moderate"
"23060","Moderate"
"23061","Moderate"
"23064","Erratic"
"23065","Erratic"
"23066","Erratic"
"23067","Moderate"
"23068","Erratic"
"23069","Moderate"
"23070","Moderate"
"23071","Erratic"
"23072","Erratic"
"23073","Erratic"
"23074","Erratic"
"23075","Erratic"
"23076","Moderate"
"23077","Erratic"
"23078","Erratic"
"23079","Erratic"
"23080","Erratic"
"23081","Erratic"
"23082","Erratic"
"23083","Erratic"
"23084","Erratic"
"23085","Erratic"
"23086","Erratic"
"23087","Erratic"
"23088","Moderate"
"23089","Erratic"
"23090","Erratic"
"23091","Erratic"
"23092","Erratic"
"23093","Erratic"
"23094","Moderate"
"23096","Erratic"
"23099","Moderate"
"23100","Erratic"
"23101","Erratic"
"23102","Erratic"
"23103","Erratic"
"23104","Erratic"
"23106","Moderate"
"23107","Moderate"
"23108","Erratic"
"23109","Erratic"
"23110","Erratic"
"23111","Erratic"
"23112","Moderate"
"23113","Erratic"
"23114","Erratic"
"23115","Erratic"
"23116","Erratic"
"23117","Moderate"
"23118","Erratic"
"23119","Erratic"
"23120","Erratic"
"23121","Erratic"
"23122","Erratic"
"23123","Erratic"
"23124","Erratic"
"23125","Erratic"
"23126","Erratic"
"23127","Erratic"
"23128","Erratic"
"23129","Erratic"
"23130","Erratic"
"23131","Erratic"
"23132","Erratic"
"23133","Erratic"
"23134","Erratic"
"23135","Erratic"
"23136","Moderate"
"23137","Erratic"
"23138","Erratic"
"23139","Erratic"
"23140","Erratic"
"23141","Moderate"
"23142","Erratic"
"23143","Moderate"
"23144","Erratic"
"23145","Moderate"
"23146","Moderate"
"23147","Moderate"
"23148","Moderate"
"23149","Moderate"
"23150","Moderate"
"23151","Moderate"
"23152","Erratic"
"23153","Moderate"
"23154","Erratic"
"23155","Erratic"
"23156","Erratic"
"23157","Erratic"
"23158","Erratic"
"23159","Erratic"
"23160","Erratic"
"23161","Erratic"
"23162","Erratic"
"23163","Erratic"
"23164","Erratic"
"23165","Erratic"
"23166","Erratic"
"23167","Erratic"
"23168","Erratic"
"23169","Erratic"
"23170","Erratic"
"23171","Erratic"
"23172","Erratic"
"23173","Erratic"
"23174","Erratic"
"23175","Erratic"
"23176","Erratic"
"23177","Erratic"
"23178","Erratic"
"23179","Erratic"
"23180","Moderate"
"23181","Moderate"
"23182","Erratic"
"23183","Moderate"
"23184","Erratic"
"23185","Moderate"
"23186","Erratic"
"23187","Moderate"
"23188","Erratic"
"23189","Erratic"
"23190","Erratic"
"23191","Erratic"
"23192","Erratic"
"23193","Erratic"
"23194","Erratic"
"23196","Erratic"
"23197","Erratic"
"23198","Erratic"
"23199","Erratic"
"23200","Erratic"
"23201","Erratic"
"23202","Erratic"
"23203","Erratic"
"23204","Erratic"
"23205","Erratic"
"23206","Erratic"
"23207","Erratic"
"23208","Erratic"
"23209","Erratic"
"23210","Erratic"
"23211","Erratic"
"23212","Erratic"
"23213","Erratic"
"23214","Erratic"
"23215","Erratic"
"23216","Erratic"
"23217","Erratic"
"23218","Erratic"
"23219","Erratic"
"23220","Erratic"
"23221","Erratic"
"23222","Erratic"
"23223","Erratic"
"23224","Erratic"
"23225","Erratic"
"23226","Moderate"
"23227","Erratic"
"23228","Erratic"
"23229","Erratic"
"23230","Erratic"
"23231","Moderate"
"23232","Erratic"
"23233","Erratic"
"23234","Erratic"
"23235","Erratic"
"23236","Erratic"
"23237","Erratic"
"23238","Erratic"
"23239","Erratic"
"23240","Erratic"
"23241","Erratic"
"23242","Erratic"
"23243","Erratic"
"23244","Erratic"
"23245","Erratic"
"23247","Erratic"
"23249","Erratic"
"23250","Erratic"
"23251","Erratic"
"23252","Erratic"
"23253","Erratic"
"23254","Erratic"
"23255","Erratic"
"23256","Erratic"
"23263","Erratic"
"23264","Moderate"
"23265","Erratic"
"23266","Erratic"
"23267","Erratic"
"23268","Erratic"
"23269","Erratic"
"23270","Erratic"
"23271","Erratic"
"23272","Moderate"
"23273","Moderate"
"23274","Erratic"
"23275","Erratic"
"23280","Erratic"
"23281","Erratic"
"23282","Erratic"
"23283","Erratic"
"23284","Erratic"
"23285","Erratic"
"23286","Erratic"
"23287","Erratic"
"23288","Erratic"
"23289","Erratic"
"23290","Erratic"
"23291","Erratic"
"23292","Erratic"
"23293","Erratic"
"23294","Erratic"
"23295","Erratic"
"23296","Erratic"
"23297","Erratic"
"23298","Erratic"
"23299","Erratic"
"23300","Erratic"
"23301","Erratic"
"23302","Erratic"
"23303","Moderate"
"23304","Moderate"
"23305","Moderate"
"23306","Erratic"
"23307","Erratic"
"23308","Erratic"
"23309","Erratic"
"23310","Erratic"
"23311","Moderate"
"23312","Erratic"
"23313","Erratic"
"23314","Erratic"
"23315","Erratic"
"23316","Erratic"
"23317","Moderate"
"23318","Erratic"
"23319","Erratic"
"23320","Erratic"
"23321","Erratic"
"23322","Erratic"
"23323","Erratic"
"23324","Erratic"
"23325","Moderate"
"23326","Erratic"
"23327","Erratic"
"23328","Erratic"
"23329","Erratic"
"23330","Erratic"
"23331","Erratic"
"23332","Erratic"
"23333","Moderate"
"23334","Erratic"
"23335","Erratic"
"23336","Moderate"
"23337","Moderate"
"23338","Erratic"
"23339","Moderate"
"23340","Erratic"
"23341","Erratic"
"23342","Erratic"
"23343","Erratic"
"23344","Erratic"
"23345","Erratic"
"23346","Erratic"
"23347","Erratic"
"23348","Erratic"
"23349","Erratic"
"23350","Erratic"
"23351","Erratic"
"23352","Erratic"
"23353","Erratic"
"23354","Erratic"
"23355","Erratic"
"23356","Erratic"
"23357","Erratic"
"23358","Erratic"
"23359","Moderate"
"23360","Erratic"
"23365","Erratic"
"23366","Erratic"
"23367","Erratic"
"23368","Erratic"
"23369","Erratic"
"23370","Erratic"
"23371","Erratic"
"23372","Erratic"
"23373","Erratic"
"23374","Erratic"
"23375","Erratic"
"23376","Erratic"
"23377","Erratic"
"23378","Erratic"
"23379","Erratic"
"23380","Erratic"
"23381","Erratic"
"23382","Erratic"
"23388","Erratic"
"23389","Erratic"
"23390","Erratic"
"23391","Erratic"
"23392","Erratic"
"23393","Moderate"
"23394","Moderate"
"23395","Erratic"
"23396","Erratic"
"23397","Erratic"
"23398","Erratic"
"23399","Erratic"
"23400","Erratic"
"23401","Erratic"
"23402","Erratic"
"23403","Erratic"
"23404","Erratic"
"23405","Moderate"
"23406","Erratic"
"23407","Moderate"
"23408","Stable"
"23409","Moderate"
"23410","Moderate"
"23411","Erratic"
"23412","Erratic"
"23413","Moderate"
"23414","Moderate"
"23415","Moderate"
"23416","Erratic"
"23417","Erratic"
"23418","Erratic"
"23419","Erratic"
"23420","Moderate"
"23421","Erratic"
"23422","Erratic"
"23423","Moderate"
"23424","Erratic"
"23425","Moderate"
"23426","Erratic"
"23427","Erratic"
"23428","Moderate"
"23429","Moderate"
"23430","Moderate"
"23431","Erratic"
"23432","Erratic"
"23433","Moderate"
"23434","Erratic"
"23435","Erratic"
"23436","Erratic"
"23437","Erratic"
"23438","Erratic"
"23439","Erratic"
"23440","Erratic"
"23441","Moderate"
"23442","Moderate"
"23444","Erratic"
"23445","Erratic"
"23446","Erratic"
"23447","Erratic"
"23448","Moderate"
"23449","Stable"
"23451","Moderate"
"23452","Moderate"
"23453","Moderate"
"23454","Erratic"
"23455","Erratic"
"23456","Erratic"
"23457","Erratic"
"23458","Stable"
"23459","Stable"
"23460","Erratic"
"23461","Erratic"
"23462","Moderate"
"23463","Stable"
"23464","Moderate"
"23465","Moderate"
"23466","Moderate"
"23467","Moderate"
"23468","Stable"
"23469","Erratic"
"23470","Erratic"
"23471","Moderate"
"23472","Moderate"
"23473","Erratic"
"23474","Moderate"
"23475","Moderate"
"23476","Stable"
"23477","Moderate"
"23478","Erratic"
"23479","Erratic"
"23480","Erratic"
"23481","Erratic"
"23482","Erratic"
"23483","Erratic"
"23484","Erratic"
"23485","Erratic"
"23486","Erratic"
"23487","Moderate"
"23489","Moderate"
"23490","Moderate"
"23491","Moderate"
"23492","Moderate"
"23493","Erratic"
"23494","Erratic"
"23495","Erratic"
"23496","Erratic"
"23497","Erratic"
"23498","Erratic"
"23499","Erratic"
"23500","Erratic"
"23501","Erratic"
"23502","Erratic"
"23503","Erratic"
"23504","Erratic"
"23505","Erratic"
"23506","Erratic"
"23507","Erratic"
"23508","Erratic"
"23509","Erratic"
"23510","Erratic"
"23511","Erratic"
"23512","Erratic"
"23513","Erratic"
"23514","Erratic"
"23515","Erratic"
"23516","Erratic"
"23517","Erratic"
"23518","Erratic"
"23519","Erratic"
"23520","Erratic"
"23521","Erratic"
"23522","Erratic"
"23523","Erratic"
"23524","Erratic"
"23525","Erratic"
"23526","Erratic"
"23527","Erratic"
"23528","Erratic"
"23529","Erratic"
"23530","Erratic"
"23531","Erratic"
"23532","Erratic"
"23533","Erratic"
"23534","Erratic"
"23535","Erratic"
"23536","Erratic"
"23537","Erratic"
"23538","Erratic"
"23539","Erratic"
"23540","Erratic"
"23541","Erratic"
"23542","Erratic"
"23543","Erratic"
"23544","Erratic"
"23545","Moderate"
"23546","Stable"
"23547","Stable"
"23548","Stable"
"23549","Stable"
"23550","Moderate"
"23551","Erratic"
"23552","Erratic"
"23553","Erratic"
"23554","Erratic"
"23555","Erratic"
"23556","Erratic"
"23557","Erratic"
"23558","Erratic"
"23559","Erratic"
"23560","Erratic"
"23561","Erratic"
"23562","Erratic"
"23564","Erratic"
"23565","Erratic"
"23566","Erratic"
"23567","Erratic"
"23568","Erratic"
"23569","Erratic"
"23570","Erratic"
"23571","Erratic"
"23574","Erratic"
"23575","Erratic"
"23576","Erratic"
"23578","Moderate"
"23579","Erratic"
"23580","Moderate"
"23581","Erratic"
"23582","Erratic"
"23583","Erratic"
"23595","Stable"
"23597","Erratic"
"23598","Erratic"
"23601","Moderate"
"23602","Stable"
"23603","Stable"
"23604","Moderate"
"23605","Stable"
"23607","Stable"
"23608","Stable"
"23609","Stable"
"23610","Stable"
"23611","Moderate"
"23612","Moderate"
"23613","Stable"
"23614","Moderate"
"23615","Stable"
"23616","Stable"
"23617","Stable"
"23619","Moderate"
"23620","Moderate"
"23621","Moderate"
"23623","Moderate"
"23624","Stable"
"23625","Moderate"
"23626","Erratic"
"23627","Moderate"
"23628","Stable"
"23629","Erratic"
"23630","Stable"
"23632","Moderate"
"23633","Stable"
"23634","Stable"
"23635","Stable"
"23636","Stable"
"23637","Moderate"
"23638","Stable"
"23639","Stable"
"23640","Stable"
"23643","Stable"
"23644","Stable"
"23645","Stable"
"23646","Moderate"
"23649","Stable"
"23650","Stable"
"23652","Stable"
"23654","Stable"
"23660","Moderate"
"23661","Moderate"
"23664","Stable"
"23681","Erratic"
"23691","Moderate"
"23692","Stable"
"23694","Erratic"
"23695","Moderate"
"23697","Erratic"
"23702","Erratic"
"23843","Stable"
"35001G","Erratic"
"35001W","Erratic"
"35004B","Erratic"
"35004C","Erratic"
"35004G","Erratic"
"35004P","Stable"
"35095A","Erratic"
"35095B","Erratic"
"35241","Erratic"
"35265","Moderate"
"35271S","Stable"
"35400","Moderate"
"35443","Moderate"
"35471D","Erratic"
"35591T","Stable"
"35592T","Stable"
"35597A","Stable"
"35597B","Stable"
"35597D","Moderate"
"35598A","Stable"
"35598B","Erratic"
"35598C","Moderate"
"35598D","Erratic"
"35599B","Erratic"
"35599D","Erratic"
"35600A","Stable"
"35607A","Erratic"
"35607B","Moderate"
"35609A","Stable"
"35610A","Moderate"
"35610B","Stable"
"35610C","Moderate"
"35637A","Erratic"
"35637C","Moderate"
"35638A","Erratic"
"35638B","Erratic"
"35645","Erratic"
"35646","Erratic"
"35647","Moderate"
"35648","Erratic"
"35649","Moderate"
"35650","Stable"
"35651","Moderate"
"35653","Erratic"
"35809A","Erratic"
"35809B","Moderate"
"35810A","Moderate"
"35810B","Moderate"
"35815P","Moderate"
"35816P","Stable"
"35817P","Stable"
"35818B","Moderate"
"35818P","Erratic"
"35819B","Erratic"
"35819P","Erratic"
"35833G","Stable"
"35833P","Erratic"
"35909A","Moderate"
"35909B","Moderate"
"35910A","Stable"
"35910B","Moderate"
"35911A","Erratic"
"35911B","Erratic"
"35912B","Erratic"
"35913B","Moderate"
"35914","Moderate"
"35915B","Moderate"
"35915C","Erratic"
"35916A","Moderate"
"35916B","Erratic"
"35916C","Erratic"
"35920","Moderate"
"35921","Erratic"
"35922","Moderate"
"35923","Erratic"
"35924","Erratic"
"35933","Moderate"
"35951","Stable"
"35953","Moderate"
"35954","Erratic"
"35957","Erratic"
"35958","Moderate"
"35961","Erratic"
"35964","Erratic"
"35965","Erratic"
"35966","Moderate"
"35967","Erratic"
"35968","Erratic"
"35970","Erratic"
"35971","Erratic"
"35972","Erratic"
"37327","Erratic"
"37330","Stable"
"37333","Moderate"
"37340","Erratic"
"37342","Erratic"
"37343","Erratic"
"37351","Stable"
"37370","Erratic"
"37379A","Stable"
"37413","Erratic"
"37423","Moderate"
"37444A","Moderate"
"37444B","Stable"
"37444C","Moderate"
"37446","Erratic"
"37447","Erratic"
"37448","Erratic"
"37449","Erratic"
"37450","Erratic"
"37461","Moderate"
"37462E","Erratic"
"37464","Stable"
"37467","Erratic"
"37468","Erratic"
"37471","Moderate"
"37474","Stable"
"37475","Moderate"
"37476","Moderate"
"37479B","Erratic"
"37479P","Moderate"
"37482P","Erratic"
"37487B","Moderate"
"37488A","Moderate"
"37489A","Moderate"
"37489B","Moderate"
"37489C","Moderate"
"37489D","Moderate"
"37491A","Stable"
"37491B","Stable"
"37491C","Stable"
"37491D","Stable"
"37495","Erratic"
"37500","Erratic"
"37501","Moderate"
"37509","Stable"
"40001","Erratic"
"40003","Erratic"
"40005B","Moderate"
"40016","Erratic"
"40046A","Moderate"
"44089A","Moderate"
"44089C","Moderate"
"44091A","Moderate"
"44092B","Moderate"
"44092C","Moderate"
"44228","Stable"
"44234","Erratic"
"44235","Erratic"
"44236","Moderate"
"44242A","Stable"
"44242B","Stable"
"44265","Stable"
"45013","Stable"
"46000M","Erratic"
"46000P","Moderate"
"46000R","Moderate"
"46000S","Erratic"
"46000U","Erratic"
"46115B","Stable"
"46118","Erratic"
"46126A","Moderate"
"46138B","Moderate"
"46775D","Moderate"
"46776A","Moderate"
"46776B","Moderate"
"46776C","Moderate"
"46776D","Moderate"
"46776E","Moderate"
"46776F","Moderate"
"47013A","Moderate"
"47013C","Moderate"
"47016","Stable"
"47021G","Erratic"
"47310M","Erratic"
"47341A","Moderate"
"47341B","Moderate"
"47343A","Erratic"
"47344B","Moderate"
"47348A","Moderate"
"47351B","Erratic"
"47367B","Erratic"
"47369A","Moderate"
"47369B","Moderate"
"47420","Erratic"
"47421","Erratic"
"47422","Erratic"
"47469","Erratic"
"47471","Erratic"
"47480","Erratic"
"47481","Erratic"
"47503A","Erratic"
"47503H","Erratic"
"47503J","Stable"
"47504H","Erratic"
"47504K","Erratic"
"47518f","Erratic"
"47556B","Stable"
"47559B","Erratic"
"47563A","Erratic"
"47566","Erratic"
"47566B","Erratic"
"47567B","Erratic"
"47570B","Erratic"
"47574A","Erratic"
"47574B","Moderate"
"47578A","Erratic"
"47579","Stable"
"47580","Erratic"
"47585A","Moderate"
"47586A","Moderate"
"47589","Moderate"
"47590A","Erratic"
"47590B","Erratic"
"47591B","Erratic"
"47591D","Erratic"
"47593A","Moderate"
"47593B","Erratic"
"47594A","Moderate"
"47594B","Erratic"
"47599A","Erratic"
"47599B","Erratic"
"48111","Erratic"
"48116","Erratic"
"48129","Erratic"
"48138","Erratic"
"48173C","Erratic"
"48184","Erratic"
"48185","Erratic"
"48187","Erratic"
"48188","Erratic"
"48189","Moderate"
"48194","Erratic"
"51008","Erratic"
"51014A","Erratic"
"51014C","Erratic"
"51014L","Erratic"
"51020A","Erratic"
"51020B","Erratic"
"62018","Erratic"
"62043B","Stable"
"62074B","Moderate"
"62086A","Erratic"
"62094B","Moderate"
"62095B","Stable"
"62096A","Erratic"
"62096B","Stable"
"62097B","Stable"
"70006","Erratic"
"70007","Erratic"
"71038","Erratic"
"71050","Moderate"
"71053","Erratic"
"71101E","Moderate"
"71143","Erratic"
"71215","Moderate"
"71270","Erratic"
"71279","Moderate"
"71403","Erratic"
"71406C","Moderate"
"71459","Erratic"
"71477","Erratic"
"71495A","Erratic"
"71495B","Erratic"
"71496A","Erratic"
"71496B","Moderate"
"71510","Erratic"
"72024U","Stable"
"72051S","Erratic"
"72122","Erratic"
"72127","Erratic"
"72128","Erratic"
"72130","Erratic"
"72131","Erratic"
"72132","Moderate"
"72133","Moderate"
"72134","Erratic"
"72140E","Moderate"
"72225C","Moderate"
"72232","Erratic"
"72349b","Erratic"
"72351A","Erratic"
"72351B","Erratic"
"72369A","Moderate"
"72586","Erratic"
"72598","Erratic"
"72709","Erratic"
"72741","Erratic"
"72760B","Erratic"
"72780","Moderate"
"72783","Moderate"
"72798C","Moderate"
"72799C","Moderate"
"72799E","Erratic"
"72799F","Erratic"
"72800B","Erratic"
"72800C","Erratic"
"72800D","Moderate"
"72800E","Erratic"
"72801C","Erratic"
"72801D","Moderate"
"72801G","Erratic"
"72802A","Erratic"
"72802B","Erratic"
"72802C","Erratic"
"72803A","Erratic"
"72803b","Stable"
"72807A","Erratic"
"72807B","Erratic"
"72807C","Erratic"
"72811","Erratic"
"72812","Moderate"
"72814","Stable"
"72815","Stable"
"72816","Erratic"
"72817","Erratic"
"72818","Erratic"
"72819","Erratic"
"72821","Stable"
"75011","Erratic"
"75013B","Moderate"
"75049L","Erratic"
"75131","Erratic"
"75172","Moderate"
"75178","Erratic"
"77079","Moderate"
"77101A","Erratic"
"78033","Moderate"
"78034B","Stable"
"78124","Moderate"
"79000","Erratic"
"79026B","Erratic"
"79030D","Moderate"
"79030G","Erratic"
"79051A","Moderate"
"79062D","Erratic"
"79063C","Erratic"
"79063D","Erratic"
"79066K","Erratic"
"79067","Erratic"
"79071B","Moderate"
"79144B","Erratic"
"79144C","Erratic"
"79149B","Erratic"
"79151B","Moderate"
"79157B","Moderate"
"79157V","Stable"
"79160","Erratic"
"79161A","Erratic"
"79163","Erratic"
"79164","Erratic"
"79190A","Erratic"
"79190B","Erratic"
"79190D","Moderate"
"79191B","Moderate"
"79191C","Erratic"
"79191D","Erratic"
"79192A","Stable"
"79302M","Erratic"
"79321","Erratic"
"79323B","Stable"
"79323P","Stable"
"79329","Stable"
"79331","Stable"
"79336","Moderate"
"79337","Erratic"
"79403","Moderate"
"79406","Erratic"
"81950B","Erratic"
"81950V","Erratic"
"81952B","Erratic"
"81952V","Erratic"
"81953B","Moderate"
"81953P","Moderate"
"82001S","Erratic"
"82011A","Stable"
"82011B","Erratic"
"82011C","Erratic"
"82095","Erratic"
"82482","Erratic"
"82483","Erratic"
"82484","Erratic"
"82486","Erratic"
"82494L","Erratic"
"82551","Erratic"
"82552","Erratic"
"82567","Moderate"
"82578","Erratic"
"82580","Erratic"
"82581","Erratic"
"82582","Erratic"
"82583","Erratic"
"82599","Erratic"
"82600","Erratic"
"82605","Moderate"
"82613A","Erratic"
"82613B","Erratic"
"82613C","Erratic"
"82613D","Erratic"
"82615","Stable"
"82616B","Erratic"
"82616C","Erratic"
"84006","Erratic"
"84012","Erratic"
"84016","Moderate"
"84029E","Erratic"
"84029G","Erratic"
"84030E","Erratic"
"84031A","Erratic"
"84031B","Erratic"
"84032A","Erratic"
"84032B","Erratic"
"84033","Moderate"
"84050","Erratic"
"84051","Erratic"
"84077","Erratic"
"84078A","Erratic"
"84086B","Stable"
"84086C","Erratic"
"84192","Moderate"
"84199","Moderate"
"84201B","Moderate"
"84201C","Stable"
"84206A","Stable"
"84206B","Stable"
"84206C","Stable"
"84212","Erratic"
"84218","Erratic"
"84226","Erratic"
"84227","Stable"
"84228","Erratic"
"84231","Moderate"
"84247C","Stable"
"84247E","Erratic"
"84247G","Moderate"
"84247K","Erratic"
"84247L","Moderate"
"84247N","Stable"
"84249A","Erratic"
"84251B","Moderate"
"84251C","Moderate"
"84251G","Moderate"
"84270","Stable"
"84279B","Erratic"
"84279P","Erratic"
"84306","Stable"
"84313B","Erratic"
"84313C","Erratic"
"84341B","Erratic"
"84347","Erratic"
"84352","Moderate"
"84356","Erratic"
"84358","Moderate"
"84360","Erratic"
"84375","Erratic"
"84378","Erratic"
"84380","Erratic"
"84387A","Stable"
"84388","Moderate"
"84402B","Moderate"
"84406B","Erratic"
"84415A","Stable"
"84415B","Stable"
"84422","Erratic"
"84429A","Moderate"
"84452","Erratic"
"84457","Erratic"
"84459A","Erratic"
"84459B","Erratic"
"84461","Erratic"
"84462","Stable"
"84465","Stable"
"84466","Moderate"
"84497","Erratic"
"84499","Moderate"
"84507B","Erratic"
"84507C","Moderate"
"84508A","Erratic"
"84508B","Moderate"
"84508C","Moderate"
"84509A","Erratic"
"84509B","Moderate"
"84509c","Erratic"
"84509E","Erratic"
"84509G","Erratic"
"84510A","Erratic"
"84510C","Erratic"
"84510E","Erratic"
"84519A","Erratic"
"84519B","Erratic"
"84520B","Erratic"
"84522","Moderate"
"84527","Erratic"
"84531A","Erratic"
"84531B","Erratic"
"84534B","Erratic"
"84535A","Erratic"
"84535B","Erratic"
"84536A","Erratic"
"84536B","Erratic"
"84539","Stable"
"84548","Moderate"
"84549","Erratic"
"84550","Stable"
"84551","Moderate"
"84558A","Erratic"
"84559A","Erratic"
"84559B","Erratic"
"84562A","Stable"
"84563A","Moderate"
"84563B","Moderate"
"84568","Erratic"
"84569A","Moderate"
"84569B","Erratic"
"84569C","Stable"
"84569D","Erratic"
"84575A","Erratic"
"84576","Erratic"
"84580","Moderate"
"84581","Moderate"
"84584","Moderate"
"84592","Moderate"
"84593","Stable"
"84595E","Erratic"
"84596B","Erratic"
"84596E","Erratic"
"84596F","Erratic"
"84596G","Erratic"
"84596J","Erratic"
"84596L","Erratic"
"84597B","Moderate"
"84597C","Erratic"
"84598","Erratic"
"84600","Moderate"
"84609","Moderate"
"84611B","Stable"
"84613A","Stable"
"84613C","Stable"
"84614A","Stable"
"84616","Stable"
"84617","Stable"
"84620","Stable"
"84625A","Moderate"
"84625C","Moderate"
"84629","Moderate"
"84631","Stable"
"84632","Stable"
"84637","Moderate"
"84638","Stable"
"84658","Moderate"
"84659A","Erratic"
"84660A","Erratic"
"84660b","Erratic"
"84660C","Erratic"
"84661A","Erratic"
"84661B","Erratic"
"84661C","Erratic"
"84663A","Erratic"
"84665","Moderate"
"84666","Stable"
"84670","Stable"
"84673A","Moderate"
"84673B","Erratic"
"84674","Erratic"
"84675","Stable"
"84678","Erratic"
"84679","Stable"
"84683","Erratic"
"84685","Erratic"
"84686","Erratic"
"84687","Moderate"
"84688","Erratic"
"84689","Moderate"
"84691","Moderate"
"84692","Erratic"
"84705C","Stable"
"84706D","Stable"
"84706F","Stable"
"84707A","Erratic"
"84707B","Erratic"
"84708B","Moderate"
"84709B","Moderate"
"84711A","Stable"
"84711B","Stable"
"84712B","Stable"
"84715","Stable"
"84723","Erratic"
"84725","Erratic"
"84731","Stable"
"84732B","Moderate"
"84732D","Moderate"
"84741C","Stable"
"84743C","Stable"
"84744","Erratic"
"84745A","Stable"
"84745B","Stable"
"84746","Erratic"
"84748","Moderate"
"84750A","Stable"
"84750B","Moderate"
"84751B","Stable"
"84754","Erratic"
"84755","Erratic"
"84760S","Moderate"
"84763","Erratic"
"84766","Moderate"
"84773","Stable"
"84789","Erratic"
"84792","Erratic"
"84795B","Erratic"
"84795C","Stable"
"84796a","Moderate"
"84796B","Erratic"
"84798A","Stable"
"84798B","Moderate"
"84799","Moderate"
"84800L","Moderate"
"84800M","Moderate"
"84800S","Erratic"
"84801A","Stable"
"84801B","Stable"
"84802A","Stable"
"84802B","Stable"
"84803A","Stable"
"84803B","Stable"
"84804A","Moderate"
"84804B","Moderate"
"84805A","Moderate"
"84805B","Moderate"
"84806A","Moderate"
"84806B","Moderate"
"84809A","Moderate"
"84809B","Stable"
"84813","Erratic"
"84816","Stable"
"84817","Erratic"
"84818","Erratic"
"84819","Erratic"
"84820","Erratic"
"84821","Erratic"
"84823","Moderate"
"84824","Stable"
"84826","Erratic"
"84827","Erratic"
"84828","Erratic"
"84832","Erratic"
"84836","Erratic"
"84840","Stable"
"84842","Stable"
"84843","Erratic"
"84846A","Erratic"
"84847","Moderate"
"84849A","Erratic"
"84849B","Erratic"
"84849D","Erratic"
"84854","Stable"
"84856L","Stable"
"84856S","Stable"
"84857B","Stable"
"84857C","Moderate"
"84858C","Erratic"
"84859A","Erratic"
"84859B","Erratic"
"84859C","Erratic"
"84865","Erratic"
"84870B","Moderate"
"84870C","Moderate"
"84872a","Stable"
"84873A","Moderate"
"84874B","Erratic"
"84875B","Erratic"
"84875D","Moderate"
"84876B","Erratic"
"84876D","Erratic"
"84877A","Moderate"
"84877B","Erratic"
"84877D","Erratic"
"84879","Erratic"
"84880","Erratic"
"84881","Moderate"
"84882","Moderate"
"84884A","Erratic"
"84898F","Moderate"
"84905","Moderate"
"84906","Moderate"
"84907","Stable"
"84910A","Stable"
"84912A","Erratic"
"84912B","Moderate"
"84913A","Moderate"
"84913B","Moderate"
"84915","Erratic"
"84916","Erratic"
"84917","Erratic"
"84919","Moderate"
"84920","Moderate"
"84921","Moderate"
"84922","Moderate"
"84923","Moderate"
"84924A","Moderate"
"84924F","Stable"
"84925D","Stable"
"84925F","Erratic"
"84926A","Moderate"
"84926D","Erratic"
"84926E","Erratic"
"84926F","Erratic"
"84927A","Moderate"
"84927D","Moderate"
"84927E","Moderate"
"84927F","Erratic"
"84929","Erratic"
"84931A","Moderate"
"84931B","Erratic"
"84944","Erratic"
"84945","Erratic"
"84946","Erratic"
"84947","Erratic"
"84949","Erratic"
"84950","Erratic"
"84951A","Erratic"
"84951B","Erratic"
"84952A","Moderate"
"84952B","Erratic"
"84952C","Erratic"
"84963A","Stable"
"84963B","Stable"
"84968A","Erratic"
"84968B","Stable"
"84968C","Erratic"
"84968D","Erratic"
"84968e","Erratic"
"84968F","Erratic"
"84969","Erratic"
"84970L","Erratic"
"84970S","Erratic"
"84971L","Stable"
"84971S","Erratic"
"84974","Moderate"
"84975","Stable"
"84976","Erratic"
"84977","Stable"
"84978","Erratic"
"84984A","Stable"
"84984B","Stable"
"84984D","Moderate"
"84985A","Moderate"
"84987","Erratic"
"84988","Erratic"
"84989a","Moderate"
"84990","Stable"
"84991","Erratic"
"84992","Erratic"
"84993A","Erratic"
"84993B","Erratic"
"84997A","Erratic"
"84997B","Erratic"
"84997C","Erratic"
"84997D","Erratic"
"85006","Moderate"
"85008","Moderate"
"85014A","Erratic"
"85014B","Erratic"
"85015","Erratic"
"85016","Erratic"
"85017A","Moderate"
"85017B","Erratic"
"85017C","Moderate"
"85018C","Stable"
"85018D","Erratic"
"85019A","Erratic"
"85019B","Moderate"
"85019C","Erratic"
"85020","Moderate"
"85023B","Erratic"
"85024B","Erratic"
"85024C","Stable"
"85025B","Erratic"
"85025C","Erratic"
"85026B","Moderate"
"85027L","Moderate"
"85028L","Moderate"
"85028S","Erratic"
"85030","Stable"
"85031A","Moderate"
"85031B","Stable"
"85031C","Stable"
"85032A","Erratic"
"85032B","Erratic"
"85032C","Erratic"
"85032D","Erratic"
"85034A","Erratic"
"85034B","Erratic"
"85034C","Erratic"
"85035A","Erratic"
"85035B","Erratic"
"85035C","Erratic"
"85036A","Erratic"
"85036b","Erratic"
"85036C","Erratic"
"85038","Erratic"
"85039A","Erratic"
"85039B","Erratic"
"85039C","Erratic"
"85040A","Erratic"
"85040B","Moderate"
"85044","Stable"
"85045","Erratic"
"85047","Stable"
"85048","Erratic"
"85049A","Erratic"
"85049B","Erratic"
"85049C","Erratic"
"85049D","Erratic"
"85049E","Erratic"
"85049F","Erratic"
"85049G","Erratic"
"85049H","Erratic"
"85053","Erratic"
"85054","Erratic"
"85055","Erratic"
"85059","Moderate"
"85061W","Erratic"
"85062","Moderate"
"85064","Erratic"
"85066","Erratic"
"85067","Moderate"
"85071A","Erratic"
"85071B","Erratic"
"85071C","Erratic"
"85071D","Erratic"
"85078","Erratic"
"85084","Erratic"
"85086A","Moderate"
"85087","Moderate"
"85088","Erratic"
"85089","Stable"
"85092","Moderate"
"85093","Erratic"
"85094","Erratic"
"85095","Erratic"
"85096","Erratic"
"85099B","Erratic"
"85099C","Erratic"
"85099F","Erratic"
"85103","Erratic"
"85104","Erratic"
"85106","Erratic"
"85107","Erratic"
"85109","Stable"
"85111","Erratic"
"85114A","Erratic"
"85114B","Erratic"
"85114C","Erratic"
"85115B","Stable"
"85116","Erratic"
"85118","Erratic"
"85119","Stable"
"85123A","Erratic"
"85124B","Moderate"
"85124C","Moderate"
"85125","Erratic"
"85126","Stable"
"85127","Erratic"
"85129B","Erratic"
"85129C","Erratic"
"85129D","Erratic"
"85130A","Erratic"
"85130B","Erratic"
"85130C","Erratic"
"85130D","Erratic"
"85131A","Erratic"
"85131B","Erratic"
"85131C","Erratic"
"85131D","Erratic"
"85132A","Erratic"
"85132B","Erratic"
"85132C","Erratic"
"85135A","Erratic"
"85135B","Erratic"
"85135C","Erratic"
"85136A","Moderate"
"85136B","Stable"
"85136C","Moderate"
"85141","Erratic"
"85144","Erratic"
"85145","Erratic"
"85146","Moderate"
"85150","Erratic"
"85152","Erratic"
"85159A","Moderate"
"85159B","Moderate"
"85160a","Moderate"
"85160B","Stable"
"85161","Moderate"
"85163A","Erratic"
"85163B","Erratic"
"85167B","Erratic"
"85168B","Moderate"
"85169A","Erratic"
"85169B","Erratic"
"85169C","Erratic"
"85169D","Erratic"
"85170A","Stable"
"85170B","Erratic"
"85170C","Erratic"
"85170D","Erratic"
"85172","Moderate"
"85173","Erratic"
"85174","Erratic"
"85175","Erratic"
"85176","Erratic"
"85177","Erratic"
"85178","Erratic"
"85179A","Erratic"
"85179C","Erratic"
"85180A","Erratic"
"85180B","Erratic"
"85183A","Erratic"
"85183B","Erratic"
"85184C","Erratic"
"85185B","Erratic"
"85185D","Moderate"
"85186A","Erratic"
"85186C","Erratic"
"85187","Erratic"
"85188A","Erratic"
"85188B","Moderate"
"85189","Stable"
"85194L","Erratic"
"85194S","Erratic"
"85195","Moderate"
"85197","Erratic"
"85198","Moderate"
"85199L","Erratic"
"85199S","Erratic"
"85200","Moderate"
"85202","Erratic"
"85203","Erratic"
"85204","Erratic"
"85205B","Moderate"
"85206A","Erratic"
"85206B","Moderate"
"85208","Erratic"
"85211","Erratic"
"85212","Erratic"
"85213","Erratic"
"85214","Erratic"
"85215","Erratic"
"85216","Stable"
"85224","Stable"
"85225","Moderate"
"85226A","Stable"
"85227","Erratic"
"85230A","Moderate"
"85230B","Moderate"
"85230E","Moderate"
"85230F","Stable"
"85230G","Moderate"
"85231B","Erratic"
"85231G","Erratic"
"85232A","Erratic"
"85232B","Erratic"
"85232D","Erratic"
"90000A","Stable"
"90000B","Moderate"
"90000D","Moderate"
"90001A","Stable"
"90001B","Stable"
"90001C","Stable"
"90001D","Stable"
"90002D","Erratic"
"90003B","Moderate"
"90003C","Moderate"
"90003D","Moderate"
"90003E","Moderate"
"90005A","Stable"
"90010A","Erratic"
"90010B","Moderate"
"90010E","Moderate"
"90011A","Stable"
"90011B","Erratic"
"90011C","Stable"
"90011D","Stable"
"90011E","Stable"
"90012A","Moderate"
"90012B","Moderate"
"90013A","Moderate"
"90013B","Stable"
"90013C","Moderate"
"90013D","Stable"
"90014A","Moderate"
"90014B","Stable"
"90014C","Stable"
"90016A","Erratic"
"90016B","Stable"
"90016C","Stable"
"90018A","Stable"
"90018B","Stable"
"90018C","Stable"
"90019A","Stable"
"90019B","Stable"
"90019C","Stable"
"90020","Stable"
"90021","Stable"
"90022","Moderate"
"90023","Stable"
"90024B","Stable"
"90024C","Stable"
"90024D","Stable"
"90024E","Stable"
"90024F","Stable"
"90025A","Stable"
"90025B","Stable"
"90025D","Stable"
"90025E","Stable"
"90025F","Stable"
"90026A","Stable"
"90026B","Stable"
"90026C","Stable"
"90026D","Stable"
"90027A","Moderate"
"90027B","Stable"
"90027C","Stable"
"90027D","Moderate"
"90028","Stable"
"90029","Stable"
"90030A","Moderate"
"90030B","Moderate"
"90030C","Erratic"
"90031","Erratic"
"90032","Moderate"
"90033","Stable"
"90034","Stable"
"90035A","Moderate"
"90035C","Stable"
"90036A","Moderate"
"90036B","Moderate"
"90036C","Moderate"
"90036D","Moderate"
"90036E","Stable"
"90036F","Moderate"
"90037A","Stable"
"90037B","Moderate"
"90037C","Stable"
"90038A","Moderate"
"90038B","Erratic"
"90038C","Moderate"
"90039A","Moderate"
"90039B","Erratic"
"90039C","Stable"
"90039D","Erratic"
"90040A","Moderate"
"90040B","Moderate"
"90040C","Moderate"
"90041","Stable"
"90042A","Stable"
"90042B","Stable"
"90042C","Erratic"
"90043","Moderate"
"90046","Stable"
"90048","Stable"
"90049","Moderate"
"90050","Moderate"
"90051","Moderate"
"90052","Stable"
"90053","Stable"
"90054","Stable"
"90055","Stable"
"90056","Stable"
"90057","Erratic"
"90058A","Stable"
"90058B","Stable"
"90059A","Moderate"
"90059B","Moderate"
"90059C","Moderate"
"90059D","Moderate"
"90059E","Moderate"
"90059F","Moderate"
"90060B","Stable"
"90060D","Stable"
"90060F","Stable"
"90062","Moderate"
"90063A","Stable"
"90063B","Stable"
"90064A","Moderate"
"90064B","Moderate"
"90065A","Stable"
"90065B","Stable"
"90067A","Moderate"
"90067B","Stable"
"90068","Stable"
"90069","Stable"
"90070","Moderate"
"90071","Stable"
"90072","Moderate"
"90073","Moderate"
"90074","Stable"
"90075","Stable"
"90076","Moderate"
"90077","Stable"
"90078","Stable"
"90079","Moderate"
"90081A","Stable"
"90081B","Stable"
"90081C","Moderate"
"90082A","Moderate"
"90082B","Moderate"
"90082D","Moderate"
"90083","Erratic"
"90084","Stable"
"90085","Erratic"
"90086","Erratic"
"90087","Erratic"
"90089","Erratic"
"90092","Stable"
"90093","Erratic"
"90094","Stable"
"90096","Moderate"
"90098","Erratic"
"90099","Moderate"
"90100","Stable"
"90101","Moderate"
"90102","Stable"
"90103","Moderate"
"90104","Erratic"
"90108","Erratic"
"90112","Stable"
"90114","Erratic"
"90115","Moderate"
"90116","Erratic"
"90118","Moderate"
"90119","Erratic"
"90120A","Moderate"
"90120B","Erratic"
"90120C","Moderate"
"90120D","Moderate"
"90122A","Moderate"
"90122B","Stable"
"90122C","Moderate"
"90123A","Stable"
"90123B","Stable"
"90123C","Stable"
"90123D","Stable"
"90124A","Stable"
"90124B","Stable"
"90124C","Moderate"
"90125A","Erratic"
"90125B","Erratic"
"90125C","Erratic"
"90125D","Erratic"
"90125E","Stable"
"90126A","Stable"
"90126C","Stable"
"90127A","Stable"
"90128A","Stable"
"90128B","Stable"
"90128C","Stable"
"90128D","Stable"
"90129A","Erratic"
"90129B","Moderate"
"90129C","Moderate"
"90129D","Moderate"
"90129E","Moderate"
"90129F","Moderate"
"90130A","Stable"
"90130B","Moderate"
"90130C","Stable"
"90130D","Stable"
"90131","Moderate"
"90132","Stable"
"90133","Moderate"
"90134","Moderate"
"90135","Moderate"
"90135A","Stable"
"90136","Stable"
"90137","Stable"
"90138","Moderate"
"90140","Stable"
"90141A","Moderate"
"90141B","Moderate"
"90141C","Moderate"
"90141D","Moderate"
"90141E","Stable"
"90142A","Stable"
"90142D","Stable"
"90143","Moderate"
"90144","Moderate"
"90145","Stable"
"90146","Erratic"
"90147","Stable"
"90148","Stable"
"90149","Erratic"
"90151","Moderate"
"90152A","Stable"
"90152B","Stable"
"90152C","Stable"
"90154","Erratic"
"90155","Stable"
"90156","Stable"
"90157","Moderate"
"90158","Moderate"
"90159","Stable"
"90160A","Moderate"
"90160B","Moderate"
"90160C","Moderate"
"90160D","Moderate"
"90161A","Stable"
"90161B","Moderate"
"90161C","Erratic"
"90161D","Moderate"
"90162A","Stable"
"90162B","Moderate"
"90162C","Stable"
"90162D","Stable"
"90163A","Stable"
"90163B","Stable"
"90164A","Moderate"
"90164B","Moderate"
"90165A","Stable"
"90165B","Stable"
"90166","Moderate"
"90167","Stable"
"90168","Moderate"
"90169","Moderate"
"90170","Erratic"
"90173","Moderate"
"90174","Moderate"
"90175A","Stable"
"90175B","Stable"
"90175C","Stable"
"90175D","Stable"
"90176A","Stable"
"90176B","Stable"
"90176C","Stable"
"90176D","Stable"
"90176E","Stable"
"90177A","Erratic"
"90177B","Moderate"
"90177C","Moderate"
"90177D","Moderate"
"90177E","Erratic"
"90178A","Stable"
"90178B","Stable"
"90179A","Stable"
"90179B","Stable"
"90179C","Stable"
"90180A","Moderate"
"90180B","Stable"
"90181A","Stable"
"90181B","Stable"
"90181C","Stable"
"90182A","Stable"
"90182B","Stable"
"90182C","Erratic"
"90183A","Moderate"
"90183B","Moderate"
"90183C","Stable"
"90184A","Moderate"
"90184B","Moderate"
"90184C","Moderate"
"90185A","Moderate"
"90185B","Moderate"
"90185C","Moderate"
"90185D","Moderate"
"90186A","Stable"
"90186B","Moderate"
"90187A","Stable"
"90187B","Moderate"
"90188","Stable"
"90189A","Stable"
"90190A","Moderate"
"90190B","Moderate"
"90190C","Stable"
"90191","Moderate"
"90192","Moderate"
"90194","Stable"
"90195A","Moderate"
"90195B","Stable"
"90196A","Moderate"
"90196B","Stable"
"90197B","Stable"
"90198A","Moderate"
"90198B","Erratic"
"90199A","Moderate"
"90199B","Stable"
"90199C","Stable"
"90199D","Stable"
"90200A","Erratic"
"90200B","Moderate"
"90200C","Moderate"
"90200D","Erratic"
"90200E","Erratic"
"90201A","Erratic"
"90201B","Erratic"
"90201C","Moderate"
"90201D","Erratic"
"90202A","Moderate"
"90202B","Moderate"
"90202C","Moderate"
"90202D","Moderate"
"90204","Moderate"
"90205A","Moderate"
"90205C","Moderate"
"90206A","Moderate"
"90206C","Moderate"
"90208","Moderate"
"90209A","Moderate"
"90209B","Erratic"
"90209C","Erratic"
"90210A","Erratic"
"90210B","Moderate"
"90210C","Erratic"
"90210D","Erratic"
"90211A","Stable"
"90211B","Stable"
"90212B","Moderate"
"90212C","Stable"
"90214A","Erratic"
"90214B","Erratic"
"90214C","Erratic"
"90214D","Erratic"
"90214E","Erratic"
"90214F","Erratic"
"90214G","Erratic"
"90214H","Erratic"
"90214I","Erratic"
"90214J","Erratic"
"90214K","Erratic"
"90214L","Erratic"
"90214M","Erratic"
"90214N","Erratic"
"90214O","Erratic"
"90214P","Erratic"
"90214R","Erratic"
"90214S","Erratic"
"90214T","Erratic"
"90214U","Stable"
"90214V","Erratic"
"90214W","Erratic"
"90214Y","Erratic"
"90214Z","Erratic"
"AMAZONFEE","Stable"
"B","Stable"
"BANK CHARGES","Stable"
"C2","Erratic"
"DCGS0003","Stable"
"DCGS0004","Stable"
"DCGS0069","Stable"
"DCGS0070","Stable"
"DCGS0076","Stable"
"DCGSSBOY","Erratic"
"DCGSSGIRL","Erratic"
"DOT","Erratic"
"gift_0001_10","Erratic"
"gift_0001_20","Erratic"
"gift_0001_30","Erratic"
"gift_0001_40","Stable"
"gift_0001_50","Stable"
"M","Erratic"
"PADS","Stable"
"POST","Erratic"
"S","Stable"
