"10002","Medium-moving"
"10080","Fast-moving"
"10120","Medium-moving"
"10123C","Slow-moving"
"10124A","Slow-moving"
"10124G","Slow-moving"
"10125","Medium-moving"
"10133","Medium-moving"
"10135","Medium-moving"
"11001","Medium-moving"
"15030","Fast-moving"
"15034","Fast-moving"
"15036","Fast-moving"
"15039","Medium-moving"
"15044A","Slow-moving"
"15044B","Medium-moving"
"15044C","Slow-moving"
"15044D","Medium-moving"
"15056BL","Medium-moving"
"15056N","Medium-moving"
"15056P","Slow-moving"
"15058A","Slow-moving"
"15058B","Slow-moving"
"15058C","Slow-moving"
"15060B","Slow-moving"
"16008","Fast-moving"
"16010","Medium-moving"
"16011","Fast-moving"
"16012","Fast-moving"
"16014","Fast-moving"
"16015","Fast-moving"
"16016","Medium-moving"
"16020C","Slow-moving"
"16033","Fast-moving"
"16043","Fast-moving"
"16045","Fast-moving"
"16046","Slow-moving"
"16048","Fast-moving"
"16049","Fast-moving"
"16052","Fast-moving"
"16054","Fast-moving"
"16151A","Medium-moving"
"16156L","Fast-moving"
"16156S","Fast-moving"
"16161G","Fast-moving"
"16161M","Fast-moving"
"16161P","Fast-moving"
"16161U","Fast-moving"
"16162L","Medium-moving"
"16162M","Medium-moving"
"16168M","Medium-moving"
"16169E","Fast-moving"
"16169K","Fast-moving"
"16169M","Fast-moving"
"16169N","Fast-moving"
"16169P","Fast-moving"
"16202A","Slow-moving"
"16202B","Medium-moving"
"16202E","Medium-moving"
"16206B","Slow-moving"
"16207A","Slow-moving"
"16207B","Slow-moving"
"16216","Fast-moving"
"16218","Fast-moving"
"16219","Fast-moving"
"16225","Medium-moving"
"16235","Medium-moving"
"16236","Medium-moving"
"16237","Medium-moving"
"16238","Medium-moving"
"16244B","Slow-moving"
"16248B","Slow-moving"
"16254","Slow-moving"
"16258A","Medium-moving"
"16259","Fast-moving"
"17001","Fast-moving"
"17003","Fast-moving"
"17007B","Medium-moving"
"17011F","Medium-moving"
"17012A","Slow-moving"
"17012B","Medium-moving"
"17012C","Slow-moving"
"17012D","Slow-moving"
"17012E","Medium-moving"
"17012F","Slow-moving"
"17013D","Fast-moving"
"17014A","Medium-moving"
"17021","Fast-moving"
"17028J","Medium-moving"
"17038","Fast-moving"
"17084A","Fast-moving"
"17084J","Fast-moving"
"17084N","Medium-moving"
"17084P","Medium-moving"
"17084R","Fast-moving"
"17090A","Medium-moving"
"17090D","Slow-moving"
"17091A","Medium-moving"
"17091J","Fast-moving"
"17096","Fast-moving"
"17107D","Slow-moving"
"17109D","Medium-moving"
"17129F","Medium-moving"
"17136A","Medium-moving"
"17164B","Slow-moving"
"17165D","Slow-moving"
"17174","Slow-moving"
"17191A","Slow-moving"
"18007","Fast-moving"
"18094C","Slow-moving"
"18097A","Slow-moving"
"18097C","Medium-moving"
"18098C","Slow-moving"
"20615","Slow-moving"
"20616","Slow-moving"
"20617","Slow-moving"
"20618","Slow-moving"
"20619","Slow-moving"
"20622","Slow-moving"
"20652","Slow-moving"
"20653","Slow-moving"
"20654","Slow-moving"
"20655","Slow-moving"
"20657","Slow-moving"
"20658","Slow-moving"
"20659","Slow-moving"
"20661","Slow-moving"
"20662","Slow-moving"
"20663","Slow-moving"
"20664","Slow-moving"
"20665","Slow-moving"
"20666","Slow-moving"
"20667","Slow-moving"
"20668","Fast-moving"
"20669","Slow-moving"
"20670","Slow-moving"
"20671","Medium-moving"
"20674","Medium-moving"
"20675","Medium-moving"
"20676","Medium-moving"
"20677","Medium-moving"
"20678","Slow-moving"
"20679","Medium-moving"
"20681","Slow-moving"
"20682","Medium-moving"
"20684","Slow-moving"
"20685","Medium-moving"
"20686","Slow-moving"
"20694","Slow-moving"
"20695","Slow-moving"
"20696","Slow-moving"
"20697","Slow-moving"
"20698","Slow-moving"
"20699","Slow-moving"
"20700","Slow-moving"
"20701","Slow-moving"
"20702","Slow-moving"
"20703","Slow-moving"
"20704","Slow-moving"
"20705","Medium-moving"
"20707","Slow-moving"
"20711","Medium-moving"
"20712","Medium-moving"
"20713","Medium-moving"
"20716","Medium-moving"
"20717","Medium-moving"
"20718","Medium-moving"
"20719","Medium-moving"
"20723","Medium-moving"
"20724","Medium-moving"
"20725","Medium-moving"
"20726","Medium-moving"
"20727","Medium-moving"
"20728","Medium-moving"
"20731","Medium-moving"
"20733","Medium-moving"
"20734","Medium-moving"
"20735","Medium-moving"
"20748","Slow-moving"
"20749","Slow-moving"
"20750","Slow-moving"
"20751","Slow-moving"
"20752","Slow-moving"
"20754","Slow-moving"
"20755","Slow-moving"
"20756","Slow-moving"
"20757","Slow-moving"
"20758","Slow-moving"
"20759","Slow-moving"
"20760","Slow-moving"
"20761","Slow-moving"
"20762","Slow-moving"
"20763","Slow-moving"
"20764","Slow-moving"
"20765","Slow-moving"
"20766","Slow-moving"
"20767","Slow-moving"
"20768","Slow-moving"
"20769","Slow-moving"
"20770","Slow-moving"
"20771","Slow-moving"
"20772","Slow-moving"
"20773","Slow-moving"
"20774","Slow-moving"
"20775","Slow-moving"
"20777","Slow-moving"
"20778","Slow-moving"
"20780","Slow-moving"
"20781","Slow-moving"
"20782","Slow-moving"
"20785","Slow-moving"
"20793","Slow-moving"
"20794","Slow-moving"
"20795","Slow-moving"
"20796","Medium-moving"
"20798","Medium-moving"
"20801","Medium-moving"
"20802","Medium-moving"
"20803","Fast-moving"
"20816","Slow-moving"
"20818","Slow-moving"
"20819","Slow-moving"
"20820","Slow-moving"
"20821","Slow-moving"
"20823","Medium-moving"
"20826","Fast-moving"
"20827","Fast-moving"
"20828","Slow-moving"
"20829","Medium-moving"
"20830","Slow-moving"
"20831","Medium-moving"
"20832","Medium-moving"
"20835","Medium-moving"
"20836","Medium-moving"
"20837","Medium-moving"
"20838","Medium-moving"
"20839","Medium-moving"
"20840","Medium-moving"
"20845","Slow-moving"
"20846","Medium-moving"
"20847","Slow-moving"
"20848","Slow-moving"
"20849","Slow-moving"
"20851","Slow-moving"
"20854","Medium-moving"
"20856","Slow-moving"
"20857","Slow-moving"
"20860","Slow-moving"
"20861","Slow-moving"
"20866","Medium-moving"
"20867","Medium-moving"
"20868","Medium-moving"
"20869","Medium-moving"
"20871","Slow-moving"
"20878","Slow-moving"
"20886","Slow-moving"
"20892","Slow-moving"
"20893","Medium-moving"
"20894","Slow-moving"
"20897","Slow-moving"
"20898","Slow-moving"
"20901","Slow-moving"
"20902","Slow-moving"
"20903","Slow-moving"
"20906","Slow-moving"
"20910","Slow-moving"
"20914","Medium-moving"
"20931","Slow-moving"
"20932","Medium-moving"
"20933","Slow-moving"
"20934","Slow-moving"
"20935","Slow-moving"
"20936","Slow-moving"
"20941","Slow-moving"
"20950","Slow-moving"
"20954","Slow-moving"
"20956","Medium-moving"
"20960","Slow-moving"
"20961","Medium-moving"
"20963","Medium-moving"
"20964","Slow-moving"
"20966","Medium-moving"
"20967","Slow-moving"
"20969","Medium-moving"
"20970","Slow-moving"
"20971","Fast-moving"
"20972","Medium-moving"
"20973","Medium-moving"
"20974","Medium-moving"
"20975","Medium-moving"
"20977","Medium-moving"
"20978","Medium-moving"
"20979","Medium-moving"
"20980","Slow-moving"
"20981","Medium-moving"
"20982","Medium-moving"
"20983","Medium-moving"
"20984","Fast-moving"
"20985","Medium-moving"
"20986","Medium-moving"
"20992","Medium-moving"
"20996","Medium-moving"
"20997","Slow-moving"
"20998","Slow-moving"
"21000","Slow-moving"
"21001","Slow-moving"
"21002","Slow-moving"
"21003","Slow-moving"
"21009","Slow-moving"
"21011","Medium-moving"
"21012","Medium-moving"
"21014","Medium-moving"
"21015","Medium-moving"
"21018","Slow-moving"
"21025","Slow-moving"
"21026","Slow-moving"
"21027","Slow-moving"
"21028","Slow-moving"
"21030","Slow-moving"
"21031","Slow-moving"
"21032","Slow-moving"
"21033","Medium-moving"
"21034","Slow-moving"
"21035","Medium-moving"
"21038","Slow-moving"
"21039","Medium-moving"
"21040","Slow-moving"
"21041","Slow-moving"
"21042","Slow-moving"
"21043","Medium-moving"
"21051","Medium-moving"
"21054","Slow-moving"
"21055","Slow-moving"
"21056","Slow-moving"
"21058","Medium-moving"
"21059","Medium-moving"
"21060","Medium-moving"
"21061","Medium-moving"
"21062","Medium-moving"
"21063","Medium-moving"
"21064","Slow-moving"
"21065","Medium-moving"
"21066","Medium-moving"
"21067","Slow-moving"
"21068","Medium-moving"
"21069","Fast-moving"
"21070","Medium-moving"
"21071","Medium-moving"
"21078","Medium-moving"
"21080","Medium-moving"
"21082","Slow-moving"
"21084","Medium-moving"
"21086","Medium-moving"
"21087","Medium-moving"
"21088","Medium-moving"
"21089","Medium-moving"
"21090","Medium-moving"
"21094","Medium-moving"
"21095","Medium-moving"
"21096","Medium-moving"
"21098","Medium-moving"
"21100","Slow-moving"
"21106","Slow-moving"
"21107","Medium-moving"
"21108","Fast-moving"
"21109","Medium-moving"
"21110","Medium-moving"
"21111","Medium-moving"
"21112","Medium-moving"
"21114","Medium-moving"
"21115","Slow-moving"
"21116","Slow-moving"
"21117","Medium-moving"
"21120","Slow-moving"
"21121","Medium-moving"
"21122","Medium-moving"
"21123","Medium-moving"
"21124","Medium-moving"
"21125","Medium-moving"
"21126","Slow-moving"
"21128","Slow-moving"
"21129","Slow-moving"
"21131","Slow-moving"
"21132","Slow-moving"
"21134","Slow-moving"
"21135","Medium-moving"
"21136","Medium-moving"
"21137","Fast-moving"
"21143","Medium-moving"
"21144","Slow-moving"
"21145","Medium-moving"
"21147","Slow-moving"
"21154","Medium-moving"
"21155","Medium-moving"
"21156","Medium-moving"
"21157","Slow-moving"
"21158","Medium-moving"
"21159","Medium-moving"
"21160","Slow-moving"
"21161","Slow-moving"
"21162","Medium-moving"
"21163","Medium-moving"
"21164","Medium-moving"
"21165","Medium-moving"
"21166","Medium-moving"
"21167","Fast-moving"
"21169","Medium-moving"
"21171","Medium-moving"
"21172","Medium-moving"
"21174","Medium-moving"
"21175","Medium-moving"
"21179","Medium-moving"
"21181","Medium-moving"
"21186","Slow-moving"
"21187","Medium-moving"
"21188","Medium-moving"
"21189","Slow-moving"
"21190","Fast-moving"
"21191","Medium-moving"
"21192","Medium-moving"
"21194","Medium-moving"
"21195","Medium-moving"
"21196","Medium-moving"
"21197","Medium-moving"
"21198","Medium-moving"
"21199","Medium-moving"
"21200","Medium-moving"
"21201","Medium-moving"
"21202","Medium-moving"
"21204","Medium-moving"
"21205","Slow-moving"
"21206","Medium-moving"
"21207","Medium-moving"
"21208","Medium-moving"
"21209","Medium-moving"
"21210","Medium-moving"
"21211","Medium-moving"
"21212","Fast-moving"
"21213","Fast-moving"
"21215","Medium-moving"
"21216","Slow-moving"
"21217","Slow-moving"
"21218","Medium-moving"
"21219","Slow-moving"
"21220","Slow-moving"
"21221","Slow-moving"
"21222","Slow-moving"
"21224","Medium-moving"
"21226","Slow-moving"
"21228","Slow-moving"
"21231","Medium-moving"
"21232","Medium-moving"
"21238","Medium-moving"
"21239","Medium-moving"
"21240","Medium-moving"
"21242","Medium-moving"
"21243","Medium-moving"
"21244","Medium-moving"
"21245","Medium-moving"
"21246","Slow-moving"
"21248","Slow-moving"
"21249","Medium-moving"
"21250","Slow-moving"
"21251","Slow-moving"
"21253","Slow-moving"
"21257","Slow-moving"
"21258","Slow-moving"
"21259","Slow-moving"
"21260","Medium-moving"
"21261","Slow-moving"
"21262","Slow-moving"
"21263","Slow-moving"
"21264","Medium-moving"
"21265","Medium-moving"
"21268","Slow-moving"
"21269","Slow-moving"
"21270","Slow-moving"
"21272","Medium-moving"
"21275","Slow-moving"
"21277","Slow-moving"
"21278","Medium-moving"
"21279","Slow-moving"
"21280","Medium-moving"
"21281","Slow-moving"
"21284","Medium-moving"
"21285","Medium-moving"
"21286","Medium-moving"
"21287","Fast-moving"
"21288","Slow-moving"
"21289","Medium-moving"
"21291","Medium-moving"
"21292","Fast-moving"
"21293","Slow-moving"
"21294","Fast-moving"
"21306","Medium-moving"
"21307","Medium-moving"
"21310","Slow-moving"
"21311","Medium-moving"
"21313","Medium-moving"
"21314","Medium-moving"
"21316","Medium-moving"
"21317","Slow-moving"
"21318","Medium-moving"
"21319","Medium-moving"
"21320","Medium-moving"
"21324","Slow-moving"
"21326","Fast-moving"
"21327","Slow-moving"
"21328","Slow-moving"
"21329","Slow-moving"
"21331","Slow-moving"
"21332","Slow-moving"
"21333","Slow-moving"
"21336","Slow-moving"
"21340","Slow-moving"
"21344","Slow-moving"
"21348","Fast-moving"
"21349","Slow-moving"
"21351","Slow-moving"
"21352","Slow-moving"
"21354","Medium-moving"
"21355","Medium-moving"
"21356","Slow-moving"
"21357","Medium-moving"
"21358","Slow-moving"
"21359","Slow-moving"
"21360","Slow-moving"
"21361","Slow-moving"
"21363","Slow-moving"
"21364","Slow-moving"
"21365","Medium-moving"
"21366","Slow-moving"
"21367","Slow-moving"
"21368","Slow-moving"
"21369","Medium-moving"
"21370","Slow-moving"
"21371","Medium-moving"
"21372","Slow-moving"
"21373","Medium-moving"
"21374","Medium-moving"
"21375","Slow-moving"
"21376","Slow-moving"
"21377","Slow-moving"
"21378","Slow-moving"
"21379","Slow-moving"
"21380","Medium-moving"
"21381","Medium-moving"
"21382","Medium-moving"
"21383","Medium-moving"
"21385","Medium-moving"
"21386","Medium-moving"
"21389","Medium-moving"
"21390","Medium-moving"
"21391","Medium-moving"
"21392","Slow-moving"
"21393","Slow-moving"
"21394","Fast-moving"
"21395","Fast-moving"
"21397","Medium-moving"
"21398","Fast-moving"
"21399","Fast-moving"
"21400","Medium-moving"
"21401","Medium-moving"
"21402","Medium-moving"
"21403","Medium-moving"
"21407","Slow-moving"
"21408","Slow-moving"
"21410","Slow-moving"
"21411","Slow-moving"
"21413","Slow-moving"
"21414","Slow-moving"
"21415","Slow-moving"
"21416","Slow-moving"
"21417","Medium-moving"
"21418","Slow-moving"
"21420","Slow-moving"
"21421","Fast-moving"
"21422","Fast-moving"
"21424","Slow-moving"
"21425","Slow-moving"
"21426","Medium-moving"
"21427","Slow-moving"
"21428","Slow-moving"
"21429","Medium-moving"
"21430","Medium-moving"
"21439","Medium-moving"
"21441","Medium-moving"
"21442","Medium-moving"
"21445","Medium-moving"
"21446","Slow-moving"
"21447","Medium-moving"
"21448","Slow-moving"
"21452","Slow-moving"
"21454","Slow-moving"
"21455","Medium-moving"
"21456","Medium-moving"
"21457","Slow-moving"
"21458","Medium-moving"
"21459","Slow-moving"
"21460","Slow-moving"
"21461","Slow-moving"
"21462","Slow-moving"
"21463","Slow-moving"
"21464","Slow-moving"
"21465","Slow-moving"
"21466","Slow-moving"
"21467","Slow-moving"
"21468","Slow-moving"
"21469","Slow-moving"
"21470","Slow-moving"
"21471","Slow-moving"
"21472","Slow-moving"
"21473","Slow-moving"
"21476","Slow-moving"
"21479","Medium-moving"
"21481","Medium-moving"
"21484","Slow-moving"
"21485","Medium-moving"
"21486","Slow-moving"
"21488","Slow-moving"
"21491","Slow-moving"
"21494","Medium-moving"
"21495","Fast-moving"
"21497","Fast-moving"
"21498","Fast-moving"
"21499","Fast-moving"
"21500","Fast-moving"
"21503","Fast-moving"
"21504","Medium-moving"
"21506","Medium-moving"
"21507","Medium-moving"
"21508","Medium-moving"
"21509","Medium-moving"
"21518","Medium-moving"
"21519","Medium-moving"
"21520","Medium-moving"
"21523","Medium-moving"
"21524","Slow-moving"
"21527","Slow-moving"
"21528","Slow-moving"
"21530","Medium-moving"
"21531","Medium-moving"
"21533","Slow-moving"
"21534","Slow-moving"
"21535","Medium-moving"
"21537","Medium-moving"
"21538","Slow-moving"
"21539","Slow-moving"
"21544","Medium-moving"
"21547","Slow-moving"
"21555","Medium-moving"
"21556","Medium-moving"
"21557","Slow-moving"
"21558","Medium-moving"
"21559","Medium-moving"
"21561","Medium-moving"
"21562","Medium-moving"
"21563","Medium-moving"
"21564","Medium-moving"
"21576","Slow-moving"
"21577","Slow-moving"
"21578","Medium-moving"
"21579","Slow-moving"
"21580","Slow-moving"
"21581","Slow-moving"
"21584","Medium-moving"
"21586","Medium-moving"
"21587","Medium-moving"
"21588","Medium-moving"
"21591","Medium-moving"
"21592","Medium-moving"
"21594","Slow-moving"
"21595","Slow-moving"
"21609","Medium-moving"
"21613","Medium-moving"
"21614","Medium-moving"
"21615","Medium-moving"
"21616","Medium-moving"
"21617","Slow-moving"
"21618","Slow-moving"
"21619","Medium-moving"
"21620","Medium-moving"
"21621","Medium-moving"
"21622","Slow-moving"
"21623","Medium-moving"
"21624","Slow-moving"
"21625","Slow-moving"
"21626","Medium-moving"
"21627","Slow-moving"
"21628","Slow-moving"
"21629","Slow-moving"
"21630","Slow-moving"
"21631","Medium-moving"
"21632","Slow-moving"
"21633","Slow-moving"
"21634","Fast-moving"
"21635","Medium-moving"
"21636","Medium-moving"
"21637","Medium-moving"
"21638","Medium-moving"
"21640","Medium-moving"
"21641","Fast-moving"
"21642","Fast-moving"
"21643","Medium-moving"
"21644","Medium-moving"
"21647","Slow-moving"
"21648","Medium-moving"
"21650","Medium-moving"
"21651","Medium-moving"
"21654","Medium-moving"
"21655","Medium-moving"
"21656","Slow-moving"
"21657","Slow-moving"
"21658","Slow-moving"
"21661","Slow-moving"
"21662","Slow-moving"
"21664","Medium-moving"
"21666","Medium-moving"
"21667","Slow-moving"
"21668","Medium-moving"
"21669","Medium-moving"
"21670","Medium-moving"
"21671","Medium-moving"
"21672","Medium-moving"
"21673","Medium-moving"
"21675","Medium-moving"
"21676","Slow-moving"
"21677","Medium-moving"
"21678","Slow-moving"
"21679","Medium-moving"
"21680","Medium-moving"
"21681","Slow-moving"
"21682","Medium-moving"
"21683","Medium-moving"
"21684","Medium-moving"
"21686","Slow-moving"
"21688","Medium-moving"
"21689","Slow-moving"
"21690","Medium-moving"
"21692","Slow-moving"
"21693","Medium-moving"
"21694","Medium-moving"
"21695","Medium-moving"
"21696","Medium-moving"
"21698","Medium-moving"
"21700","Medium-moving"
"21703","Fast-moving"
"21704","Fast-moving"
"21705","Medium-moving"
"21706","Slow-moving"
"21707","Slow-moving"
"21708","Slow-moving"
"21709","Slow-moving"
"21710","Slow-moving"
"21711","Slow-moving"
"21713","Slow-moving"
"21714","Medium-moving"
"21715","Medium-moving"
"21716","Medium-moving"
"21717","Medium-moving"
"21718","Medium-moving"
"21719","Medium-moving"
"21720","Medium-moving"
"21721","Medium-moving"
"21722","Slow-moving"
"21723","Medium-moving"
"21724","Medium-moving"
"21725","Medium-moving"
"21726","Medium-moving"
"21730","Slow-moving"
"21731","Medium-moving"
"21733","Medium-moving"
"21735","Slow-moving"
"21736","Medium-moving"
"21738","Slow-moving"
"21739","Slow-moving"
"21741","Slow-moving"
"21742","Slow-moving"
"21743","Medium-moving"
"21744","Slow-moving"
"21745","Slow-moving"
"21746","Medium-moving"
"21747","Medium-moving"
"21749","Medium-moving"
"21750","Slow-moving"
"21754","Slow-moving"
"21755","Slow-moving"
"21756","Slow-moving"
"21757","Slow-moving"
"21758","Slow-moving"
"21761","Slow-moving"
"21763","Slow-moving"
"21769","Medium-moving"
"21770","Slow-moving"
"21773","Medium-moving"
"21774","Medium-moving"
"21775","Slow-moving"
"21777","Slow-moving"
"21781","Slow-moving"
"21784","Slow-moving"
"21785","Fast-moving"
"21786","Medium-moving"
"21787","Fast-moving"
"21788","Medium-moving"
"21789","Medium-moving"
"21790","Medium-moving"
"21791","Medium-moving"
"21792","Slow-moving"
"21793","Slow-moving"
"21794","Slow-moving"
"21801","Medium-moving"
"21802","Medium-moving"
"21803","Medium-moving"
"21804","Slow-moving"
"21807","Medium-moving"
"21808","Slow-moving"
"21809","Medium-moving"
"21810","Fast-moving"
"21811","Medium-moving"
"21812","Slow-moving"
"21813","Slow-moving"
"21814","Slow-moving"
"21815","Medium-moving"
"21816","Slow-moving"
"21817","Medium-moving"
"21818","Medium-moving"
"21819","Medium-moving"
"21820","Slow-moving"
"21821","Slow-moving"
"21822","Medium-moving"
"21823","Medium-moving"
"21824","Medium-moving"
"21826","Slow-moving"
"21827","Slow-moving"
"21828","Slow-moving"
"21829","Fast-moving"
"21830","Fast-moving"
"21832","Slow-moving"
"21833","Medium-moving"
"21836","Slow-moving"
"21839","Slow-moving"
"21841","Medium-moving"
"21843","Slow-moving"
"21844","Medium-moving"
"21845","Fast-moving"
"21846","Slow-moving"
"21847","Slow-moving"
"21849","Slow-moving"
"21850","Slow-moving"
"21851","Slow-moving"
"21864","Slow-moving"
"21865","Slow-moving"
"21866","Slow-moving"
"21867","Slow-moving"
"21868","Medium-moving"
"21870","Medium-moving"
"21871","Medium-moving"
"21872","Medium-moving"
"21873","Medium-moving"
"21874","Medium-moving"
"21875","Medium-moving"
"21876","Medium-moving"
"21877","Medium-moving"
"21878","Medium-moving"
"21879","Medium-moving"
"21880","Medium-moving"
"21881","Medium-moving"
"21882","Medium-moving"
"21883","Medium-moving"
"21884","Medium-moving"
"21888","Slow-moving"
"21889","Medium-moving"
"21890","Slow-moving"
"21891","Medium-moving"
"21892","Medium-moving"
"21894","Slow-moving"
"21895","Slow-moving"
"21896","Medium-moving"
"21897","Fast-moving"
"21898","Fast-moving"
"21899","Medium-moving"
"21900","Medium-moving"
"21901","Medium-moving"
"21902","Medium-moving"
"21903","Medium-moving"
"21904","Slow-moving"
"21905","Slow-moving"
"21906","Slow-moving"
"21907","Medium-moving"
"21908","Medium-moving"
"21910","Slow-moving"
"21911","Slow-moving"
"21912","Slow-moving"
"21913","Slow-moving"
"21914","Medium-moving"
"21915","Fast-moving"
"21916","Medium-moving"
"21917","Medium-moving"
"21918","Medium-moving"
"21922","Slow-moving"
"21925","Medium-moving"
"21926","Medium-moving"
"21927","Medium-moving"
"21928","Medium-moving"
"21929","Medium-moving"
"21930","Medium-moving"
"21931","Medium-moving"
"21932","Medium-moving"
"21933","Medium-moving"
"21934","Medium-moving"
"21935","Medium-moving"
"21936","Medium-moving"
"21937","Medium-moving"
"21942","Slow-moving"
"21943","Slow-moving"
"21944","Slow-moving"
"21945","Slow-moving"
"21946","Slow-moving"
"21947","Medium-moving"
"21948","Slow-moving"
"21949","Medium-moving"
"21955","Medium-moving"
"21967","Fast-moving"
"21972","Medium-moving"
"21973","Medium-moving"
"21974","Medium-moving"
"21975","Medium-moving"
"21976","Medium-moving"
"21977","Fast-moving"
"21980","Fast-moving"
"21981","Medium-moving"
"21982","Fast-moving"
"21983","Medium-moving"
"21984","Medium-moving"
"21985","Fast-moving"
"21986","Fast-moving"
"21987","Medium-moving"
"21988","Medium-moving"
"21989","Medium-moving"
"21990","Slow-moving"
"21991","Slow-moving"
"21992","Slow-moving"
"21993","Slow-moving"
"22016","Slow-moving"
"22021","Medium-moving"
"22023","Medium-moving"
"22024","Medium-moving"
"22025","Medium-moving"
"22026","Medium-moving"
"22027","Medium-moving"
"22028","Medium-moving"
"22029","Medium-moving"
"22030","Fast-moving"
"22031","Medium-moving"
"22032","Medium-moving"
"22033","Medium-moving"
"22034","Slow-moving"
"22035","Medium-moving"
"22037","Medium-moving"
"22038","Fast-moving"
"22039","Fast-moving"
"22040","Fast-moving"
"22041","Medium-moving"
"22042","Medium-moving"
"22043","Medium-moving"
"22044","Fast-moving"
"22045","Fast-moving"
"22046","Fast-moving"
"22047","Fast-moving"
"22048","Fast-moving"
"22049","Fast-moving"
"22050","Fast-moving"
"22051","Fast-moving"
"22052","Fast-moving"
"22053","Fast-moving"
"22055","Medium-moving"
"22057","Medium-moving"
"22059","Medium-moving"
"22060","Medium-moving"
"22061","Slow-moving"
"22062","Medium-moving"
"22063","Slow-moving"
"22064","Medium-moving"
"22065","Fast-moving"
"22066","Medium-moving"
"22067","Medium-moving"
"22068","Slow-moving"
"22069","Slow-moving"
"22070","Medium-moving"
"22071","Medium-moving"
"22072","Slow-moving"
"22073","Slow-moving"
"22074","Medium-moving"
"22075","Medium-moving"
"22076","Medium-moving"
"22077","Medium-moving"
"22078","Medium-moving"
"22079","Medium-moving"
"22080","Medium-moving"
"22081","Slow-moving"
"22082","Medium-moving"
"22083","Medium-moving"
"22084","Medium-moving"
"22085","Medium-moving"
"22086","Medium-moving"
"22087","Medium-moving"
"22088","Medium-moving"
"22089","Medium-moving"
"22090","Medium-moving"
"22091","Medium-moving"
"22092","Medium-moving"
"22093","Medium-moving"
"22094","Medium-moving"
"22095","Medium-moving"
"22096","Medium-moving"
"22097","Medium-moving"
"22098","Medium-moving"
"22099","Medium-moving"
"22100","Medium-moving"
"22101","Fast-moving"
"22102","Fast-moving"
"22103","Fast-moving"
"22104","Slow-moving"
"22105","Medium-moving"
"22106","Medium-moving"
"22107","Slow-moving"
"22108","Slow-moving"
"22109","Medium-moving"
"22110","Slow-moving"
"22111","Medium-moving"
"22112","Medium-moving"
"22113","Medium-moving"
"22114","Medium-moving"
"22115","Medium-moving"
"22116","Slow-moving"
"22117","Medium-moving"
"22118","Slow-moving"
"22119","Slow-moving"
"22120","Slow-moving"
"22121","Slow-moving"
"22123","Slow-moving"
"22124","Slow-moving"
"22125","Slow-moving"
"22127","Medium-moving"
"22128","Fast-moving"
"22129","Medium-moving"
"22130","Fast-moving"
"22131","Medium-moving"
"22132","Medium-moving"
"22133","Medium-moving"
"22134","Medium-moving"
"22135","Slow-moving"
"22136","Slow-moving"
"22137","Medium-moving"
"22138","Medium-moving"
"22139","Slow-moving"
"22141","Medium-moving"
"22142","Medium-moving"
"22144","Medium-moving"
"22145","Fast-moving"
"22146","Slow-moving"
"22147","Medium-moving"
"22148","Medium-moving"
"22149","Medium-moving"
"22150","Medium-moving"
"22151","Fast-moving"
"22152","Fast-moving"
"22153","Medium-moving"
"22154","Fast-moving"
"22155","Medium-moving"
"22156","Medium-moving"
"22157","Fast-moving"
"22158","Medium-moving"
"22161","Medium-moving"
"22162","Slow-moving"
"22163","Medium-moving"
"22164","Medium-moving"
"22165","Slow-moving"
"22166","Slow-moving"
"22167","Slow-moving"
"22168","Slow-moving"
"22169","Slow-moving"
"22170","Slow-moving"
"22171","Medium-moving"
"22173","Slow-moving"
"22174","Medium-moving"
"22175","Medium-moving"
"22176","Slow-moving"
"22178","Fast-moving"
"22179","Slow-moving"
"22180","Slow-moving"
"22181","Medium-moving"
"22182","Slow-moving"
"22183","Slow-moving"
"22184","Slow-moving"
"22185","Medium-moving"
"22186","Medium-moving"
"22187","Medium-moving"
"22188","Fast-moving"
"22189","Medium-moving"
"22190","Medium-moving"
"22191","Slow-moving"
"22192","Slow-moving"
"22193","Slow-moving"
"22194","Slow-moving"
"22195","Medium-moving"
"22196","Medium-moving"
"22197","Fast-moving"
"22198","Medium-moving"
"22199","Slow-moving"
"22200","Slow-moving"
"22201","Slow-moving"
"22202","Slow-moving"
"22203","Slow-moving"
"22204","Slow-moving"
"22206","Slow-moving"
"22207","Medium-moving"
"22208","Medium-moving"
"22209","Medium-moving"
"22210","Medium-moving"
"22211","Slow-moving"
"22212","Slow-moving"
"22214","Slow-moving"
"22215","Slow-moving"
"22216","Medium-moving"
"22217","Medium-moving"
"22218","Slow-moving"
"22219","Medium-moving"
"22220","Slow-moving"
"22221","Slow-moving"
"22222","Slow-moving"
"22223","Medium-moving"
"22224","Medium-moving"
"22227","Medium-moving"
"22228","Medium-moving"
"22229","Medium-moving"
"22230","Medium-moving"
"22231","Medium-moving"
"22232","Medium-moving"
"22233","Medium-moving"
"22236","Slow-moving"
"22241","Medium-moving"
"22242","Medium-moving"
"22243","Fast-moving"
"22244","Medium-moving"
"22245","Medium-moving"
"22246","Slow-moving"
"22247","Medium-moving"
"22248","Medium-moving"
"22249","Medium-moving"
"22250","Medium-moving"
"22251","Medium-moving"
"22252","Medium-moving"
"22254","Medium-moving"
"22255","Medium-moving"
"22256","Medium-moving"
"22257","Medium-moving"
"22258","Medium-moving"
"22259","Medium-moving"
"22260","Medium-moving"
"22261","Medium-moving"
"22262","Medium-moving"
"22263","Medium-moving"
"22264","Medium-moving"
"22265","Medium-moving"
"22266","Medium-moving"
"22267","Medium-moving"
"22268","Medium-moving"
"22269","Medium-moving"
"22270","Slow-moving"
"22271","Medium-moving"
"22272","Slow-moving"
"22273","Medium-moving"
"22274","Slow-moving"
"22275","Fast-moving"
"22276","Slow-moving"
"22277","Slow-moving"
"22278","Slow-moving"
"22279","Medium-moving"
"22280","Slow-moving"
"22281","Slow-moving"
"22282","Slow-moving"
"22283","Slow-moving"
"22284","Medium-moving"
"22285","Medium-moving"
"22286","Medium-moving"
"22287","Medium-moving"
"22288","Medium-moving"
"22289","Slow-moving"
"22291","Medium-moving"
"22292","Medium-moving"
"22293","Medium-moving"
"22294","Medium-moving"
"22295","Medium-moving"
"22296","Medium-moving"
"22297","Medium-moving"
"22299","Medium-moving"
"22300","Medium-moving"
"22301","Medium-moving"
"22302","Medium-moving"
"22303","Medium-moving"
"22304","Medium-moving"
"22305","Medium-moving"
"22306","Medium-moving"
"22307","Medium-moving"
"22308","Slow-moving"
"22309","Slow-moving"
"22310","Medium-moving"
"22311","Medium-moving"
"22312","Slow-moving"
"22313","Medium-moving"
"22314","Slow-moving"
"22315","Medium-moving"
"22316","Medium-moving"
"22317","Slow-moving"
"22318","Slow-moving"
"22319","Fast-moving"
"22320","Slow-moving"
"22321","Medium-moving"
"22322","Medium-moving"
"22323","Slow-moving"
"22324","Slow-moving"
"22325","Slow-moving"
"22326","Medium-moving"
"22327","Slow-moving"
"22328","Medium-moving"
"22329","Medium-moving"
"22331","Medium-moving"
"22332","Medium-moving"
"22333","Medium-moving"
"22334","Medium-moving"
"22335","Medium-moving"
"22336","Fast-moving"
"22337","Medium-moving"
"22338","Fast-moving"
"22339","Fast-moving"
"22340","Medium-moving"
"22341","Medium-moving"
"22342","Medium-moving"
"22343","Fast-moving"
"22344","Medium-moving"
"22345","Medium-moving"
"22346","Medium-moving"
"22348","Medium-moving"
"22349","Medium-moving"
"22350","Medium-moving"
"22351","Medium-moving"
"22352","Medium-moving"
"22353","Slow-moving"
"22354","Medium-moving"
"22355","Fast-moving"
"22356","Medium-moving"
"22357","Slow-moving"
"22358","Slow-moving"
"22359","Slow-moving"
"22360","Slow-moving"
"22361","Slow-moving"
"22362","Slow-moving"
"22363","Medium-moving"
"22364","Slow-moving"
"22365","Slow-moving"
"22366","Slow-moving"
"22367","Medium-moving"
"22371","Slow-moving"
"22372","Slow-moving"
"22374","Slow-moving"
"22375","Slow-moving"
"22376","Slow-moving"
"22377","Medium-moving"
"22378","Medium-moving"
"22379","Medium-moving"
"22380","Slow-moving"
"22381","Medium-moving"
"22382","Medium-moving"
"22383","Medium-moving"
"22384","Medium-moving"
"22385","Medium-moving"
"22386","Medium-moving"
"22389","Medium-moving"
"22390","Medium-moving"
"22391","Medium-moving"
"22393","Medium-moving"
"22394","Medium-moving"
"22395","Slow-moving"
"22396","Medium-moving"
"22398","Medium-moving"
"22399","Medium-moving"
"22400","Medium-moving"
"22402","Medium-moving"
"22403","Medium-moving"
"22405","Medium-moving"
"22406","Slow-moving"
"22407","Slow-moving"
"22408","Slow-moving"
"22409","Slow-moving"
"22410","Slow-moving"
"22411","Medium-moving"
"22412","Medium-moving"
"22413","Medium-moving"
"22414","Slow-moving"
"22415","Slow-moving"
"22416","Medium-moving"
"22417","Medium-moving"
"22418","Fast-moving"
"22419","Medium-moving"
"22420","Medium-moving"
"22421","Medium-moving"
"22422","Medium-moving"
"22423","Medium-moving"
"22424","Slow-moving"
"22425","Slow-moving"
"22426","Slow-moving"
"22427","Slow-moving"
"22428","Slow-moving"
"22429","Slow-moving"
"22430","Slow-moving"
"22431","Medium-moving"
"22432","Medium-moving"
"22433","Medium-moving"
"22434","Medium-moving"
"22435","Medium-moving"
"22436","Medium-moving"
"22437","Medium-moving"
"22438","Medium-moving"
"22439","Medium-moving"
"22440","Fast-moving"
"22441","Slow-moving"
"22442","Slow-moving"
"22443","Slow-moving"
"22444","Fast-moving"
"22445","Slow-moving"
"22446","Slow-moving"
"22447","Slow-moving"
"22448","Slow-moving"
"22449","Slow-moving"
"22450","Slow-moving"
"22451","Slow-moving"
"22452","Medium-moving"
"22453","Medium-moving"
"22454","Medium-moving"
"22456","Slow-moving"
"22457","Medium-moving"
"22458","Fast-moving"
"22459","Medium-moving"
"22460","Medium-moving"
"22461","Slow-moving"
"22464","Medium-moving"
"22465","Medium-moving"
"22466","Medium-moving"
"22467","Medium-moving"
"22468","Slow-moving"
"22469","Medium-moving"
"22470","Medium-moving"
"22471","Slow-moving"
"22472","Slow-moving"
"22473","Slow-moving"
"22474","Slow-moving"
"22475","Slow-moving"
"22476","Medium-moving"
"22477","Medium-moving"
"22478","Medium-moving"
"22479","Medium-moving"
"22480","Medium-moving"
"22481","Medium-moving"
"22482","Medium-moving"
"22483","Slow-moving"
"22485","Slow-moving"
"22486","Slow-moving"
"22487","Slow-moving"
"22488","Medium-moving"
"22489","Fast-moving"
"22491","Medium-moving"
"22492","Fast-moving"
"22493","Medium-moving"
"22494","Slow-moving"
"22495","Slow-moving"
"22496","Slow-moving"
"22497","Slow-moving"
"22498","Slow-moving"
"22499","Medium-moving"
"22500","Slow-moving"
"22501","Slow-moving"
"22502","Slow-moving"
"22503","Slow-moving"
"22504","Slow-moving"
"22505","Slow-moving"
"22507","Medium-moving"
"22508","Medium-moving"
"22509","Slow-moving"
"22510","Slow-moving"
"22511","Slow-moving"
"22512","Slow-moving"
"22513","Slow-moving"
"22514","Slow-moving"
"22515","Slow-moving"
"22516","Slow-moving"
"22517","Slow-moving"
"22518","Slow-moving"
"22519","Slow-moving"
"22520","Medium-moving"
"22521","Medium-moving"
"22522","Medium-moving"
"22523","Medium-moving"
"22524","Medium-moving"
"22525","Medium-moving"
"22526","Slow-moving"
"22528","Slow-moving"
"22529","Medium-moving"
"22530","Medium-moving"
"22531","Medium-moving"
"22532","Medium-moving"
"22533","Fast-moving"
"22534","Medium-moving"
"22535","Medium-moving"
"22536","Fast-moving"
"22537","Medium-moving"
"22538","Medium-moving"
"22539","Fast-moving"
"22540","Fast-moving"
"22541","Medium-moving"
"22543","Fast-moving"
"22544","Fast-moving"
"22545","Medium-moving"
"22546","Fast-moving"
"22547","Medium-moving"
"22548","Medium-moving"
"22549","Medium-moving"
"22550","Medium-moving"
"22551","Medium-moving"
"22553","Medium-moving"
"22554","Medium-moving"
"22555","Medium-moving"
"22556","Medium-moving"
"22557","Medium-moving"
"22558","Medium-moving"
"22559","Medium-moving"
"22560","Fast-moving"
"22561","Medium-moving"
"22562","Medium-moving"
"22563","Medium-moving"
"22564","Medium-moving"
"22565","Medium-moving"
"22566","Medium-moving"
"22567","Medium-moving"
"22568","Medium-moving"
"22569","Medium-moving"
"22570","Medium-moving"
"22571","Medium-moving"
"22572","Medium-moving"
"22573","Medium-moving"
"22574","Medium-moving"
"22575","Medium-moving"
"22576","Medium-moving"
"22577","Medium-moving"
"22578","Medium-moving"
"22579","Medium-moving"
"22580","Medium-moving"
"22581","Medium-moving"
"22582","Medium-moving"
"22583","Medium-moving"
"22584","Medium-moving"
"22585","Medium-moving"
"22586","Medium-moving"
"22587","Medium-moving"
"22588","Slow-moving"
"22589","Slow-moving"
"22591","Medium-moving"
"22592","Slow-moving"
"22593","Medium-moving"
"22594","Medium-moving"
"22595","Medium-moving"
"22596","Medium-moving"
"22597","Medium-moving"
"22598","Medium-moving"
"22599","Medium-moving"
"22600","Medium-moving"
"22601","Medium-moving"
"22602","Medium-moving"
"22603","Medium-moving"
"22604","Medium-moving"
"22605","Slow-moving"
"22606","Slow-moving"
"22607","Slow-moving"
"22608","Fast-moving"
"22609","Fast-moving"
"22610","Fast-moving"
"22611","Slow-moving"
"22613","Medium-moving"
"22614","Medium-moving"
"22615","Fast-moving"
"22616","Fast-moving"
"22617","Slow-moving"
"22618","Slow-moving"
"22619","Medium-moving"
"22620","Medium-moving"
"22621","Medium-moving"
"22622","Medium-moving"
"22623","Slow-moving"
"22624","Slow-moving"
"22625","Slow-moving"
"22626","Slow-moving"
"22627","Slow-moving"
"22628","Medium-moving"
"22629","Medium-moving"
"22630","Medium-moving"
"22631","Medium-moving"
"22632","Medium-moving"
"22633","Medium-moving"
"22634","Slow-moving"
"22635","Slow-moving"
"22636","Slow-moving"
"22637","Medium-moving"
"22638","Medium-moving"
"22639","Medium-moving"
"22640","Slow-moving"
"22641","Slow-moving"
"22642","Medium-moving"
"22643","Slow-moving"
"22644","Medium-moving"
"22645","Medium-moving"
"22646","Medium-moving"
"22647","Medium-moving"
"22649","Slow-moving"
"22650","Medium-moving"
"22651","Medium-moving"
"22652","Medium-moving"
"22653","Medium-moving"
"22654","Slow-moving"
"22655","Slow-moving"
"22656","Slow-moving"
"22659","Medium-moving"
"22660","Slow-moving"
"22661","Medium-moving"
"22662","Medium-moving"
"22663","Medium-moving"
"22664","Slow-moving"
"22665","Slow-moving"
"22666","Medium-moving"
"22667","Medium-moving"
"22668","Medium-moving"
"22669","Slow-moving"
"22670","Medium-moving"
"22671","Medium-moving"
"22672","Medium-moving"
"22673","Medium-moving"
"22674","Medium-moving"
"22675","Medium-moving"
"22676","Medium-moving"
"22677","Medium-moving"
"22678","Medium-moving"
"22679","Slow-moving"
"22680","Medium-moving"
"22681","Medium-moving"
"22682","Medium-moving"
"22683","Medium-moving"
"22684","Medium-moving"
"22685","Medium-moving"
"22686","Medium-moving"
"22687","Medium-moving"
"22688","Fast-moving"
"22689","Slow-moving"
"22690","Medium-moving"
"22691","Slow-moving"
"22692","Slow-moving"
"22693","Fast-moving"
"22694","Slow-moving"
"22695","Medium-moving"
"22696","Slow-moving"
"22697","Medium-moving"
"22698","Medium-moving"
"22699","Medium-moving"
"22700","Fast-moving"
"22701","Slow-moving"
"22702","Fast-moving"
"22703","Slow-moving"
"22704","Fast-moving"
"22705","Fast-moving"
"22706","Fast-moving"
"22707","Fast-moving"
"22708","Fast-moving"
"22709","Fast-moving"
"22710","Fast-moving"
"22711","Fast-moving"
"22712","Medium-moving"
"22713","Medium-moving"
"22714","Medium-moving"
"22715","Medium-moving"
"22716","Medium-moving"
"22717","Medium-moving"
"22718","Medium-moving"
"22719","Medium-moving"
"22720","Medium-moving"
"22721","Slow-moving"
"22722","Medium-moving"
"22723","Slow-moving"
"22725","Slow-moving"
"22726","Medium-moving"
"22727","Medium-moving"
"22728","Medium-moving"
"22729","Medium-moving"
"22730","Slow-moving"
"22731","Medium-moving"
"22732","Medium-moving"
"22733","Medium-moving"
"22734","Medium-moving"
"22735","Medium-moving"
"22736","Medium-moving"
"22737","Medium-moving"
"22738","Medium-moving"
"22739","Medium-moving"
"22740","Fast-moving"
"22741","Fast-moving"
"22742","Medium-moving"
"22743","Slow-moving"
"22744","Slow-moving"
"22745","Slow-moving"
"22746","Slow-moving"
"22747","Slow-moving"
"22748","Slow-moving"
"22749","Medium-moving"
"22750","Slow-moving"
"22751","Medium-moving"
"22752","Slow-moving"
"22753","Slow-moving"
"22754","Medium-moving"
"22755","Medium-moving"
"22756","Slow-moving"
"22757","Medium-moving"
"22758","Medium-moving"
"22759","Medium-moving"
"22760","Slow-moving"
"22761","Slow-moving"
"22762","Slow-moving"
"22763","Slow-moving"
"22764","Slow-moving"
"22765","Medium-moving"
"22766","Medium-moving"
"22767","Slow-moving"
"22768","Slow-moving"
"22769","Slow-moving"
"22770","Slow-moving"
"22771","Medium-moving"
"22772","Medium-moving"
"22773","Medium-moving"
"22774","Medium-moving"
"22775","Medium-moving"
"22776","Slow-moving"
"22777","Medium-moving"
"22778","Medium-moving"
"22779","Medium-moving"
"22780","Medium-moving"
"22781","Slow-moving"
"22782","Slow-moving"
"22783","Medium-moving"
"22784","Slow-moving"
"22785","Slow-moving"
"22786","Slow-moving"
"22788","Slow-moving"
"22789","Medium-moving"
"22791","Fast-moving"
"22792","Medium-moving"
"22794","Slow-moving"
"22795","Slow-moving"
"22796","Slow-moving"
"22797","Slow-moving"
"22798","Medium-moving"
"22799","Slow-moving"
"22800","Slow-moving"
"22801","Slow-moving"
"22802","Slow-moving"
"22803","Slow-moving"
"22804","Medium-moving"
"22805","Medium-moving"
"22806","Medium-moving"
"22807","Slow-moving"
"22808","Slow-moving"
"22809","Medium-moving"
"22810","Medium-moving"
"22811","Medium-moving"
"22812","Medium-moving"
"22813","Medium-moving"
"22814","Medium-moving"
"22815","Medium-moving"
"22816","Medium-moving"
"22817","Medium-moving"
"22818","Medium-moving"
"22819","Medium-moving"
"22820","Medium-moving"
"22821","Medium-moving"
"22822","Slow-moving"
"22823","Slow-moving"
"22824","Slow-moving"
"22825","Slow-moving"
"22826","Slow-moving"
"22827","Slow-moving"
"22828","Slow-moving"
"22829","Slow-moving"
"22830","Medium-moving"
"22831","Medium-moving"
"22832","Slow-moving"
"22833","Medium-moving"
"22834","Medium-moving"
"22835","Medium-moving"
"22837","Medium-moving"
"22838","Slow-moving"
"22839","Slow-moving"
"22840","Slow-moving"
"22841","Slow-moving"
"22842","Slow-moving"
"22843","Slow-moving"
"22844","Slow-moving"
"22845","Slow-moving"
"22846","Slow-moving"
"22847","Slow-moving"
"22848","Slow-moving"
"22849","Slow-moving"
"22851","Medium-moving"
"22852","Slow-moving"
"22853","Slow-moving"
"22854","Slow-moving"
"22855","Medium-moving"
"22856","Fast-moving"
"22857","Medium-moving"
"22858","Medium-moving"
"22859","Medium-moving"
"22860","Medium-moving"
"22861","Medium-moving"
"22862","Slow-moving"
"22863","Medium-moving"
"22865","Medium-moving"
"22866","Medium-moving"
"22867","Medium-moving"
"22868","Slow-moving"
"22869","Slow-moving"
"22870","Slow-moving"
"22871","Slow-moving"
"22872","Slow-moving"
"22873","Slow-moving"
"22874","Slow-moving"
"22875","Slow-moving"
"22876","Slow-moving"
"22877","Slow-moving"
"22878","Slow-moving"
"22879","Slow-moving"
"22880","Slow-moving"
"22881","Slow-moving"
"22882","Slow-moving"
"22883","Slow-moving"
"22884","Slow-moving"
"22885","Slow-moving"
"22886","Slow-moving"
"22887","Slow-moving"
"22888","Slow-moving"
"22889","Slow-moving"
"22890","Slow-moving"
"22891","Slow-moving"
"22892","Medium-moving"
"22893","Medium-moving"
"22894","Slow-moving"
"22895","Medium-moving"
"22896","Medium-moving"
"22897","Medium-moving"
"22898","Medium-moving"
"22899","Medium-moving"
"22900","Medium-moving"
"22902","Medium-moving"
"22903","Slow-moving"
"22904","Medium-moving"
"22905","Medium-moving"
"22906","Medium-moving"
"22907","Medium-moving"
"22908","Medium-moving"
"22909","Medium-moving"
"22910","Medium-moving"
"22911","Slow-moving"
"22912","Slow-moving"
"22913","Slow-moving"
"22914","Slow-moving"
"22915","Medium-moving"
"22916","Medium-moving"
"22917","Medium-moving"
"22918","Medium-moving"
"22919","Medium-moving"
"22920","Medium-moving"
"22921","Medium-moving"
"22922","Medium-moving"
"22923","Medium-moving"
"22924","Medium-moving"
"22925","Slow-moving"
"22926","Slow-moving"
"22927","Slow-moving"
"22928","Slow-moving"
"22929","Slow-moving"
"22930","Medium-moving"
"22931","Medium-moving"
"22932","Medium-moving"
"22933","Medium-moving"
"22934","Medium-moving"
"22935","Medium-moving"
"22936","Medium-moving"
"22937","Medium-moving"
"22938","Medium-moving"
"22939","Slow-moving"
"22940","Medium-moving"
"22941","Medium-moving"
"22942","Slow-moving"
"22943","Medium-moving"
"22944","Fast-moving"
"22945","Medium-moving"
"22946","Slow-moving"
"22947","Medium-moving"
"22948","Medium-moving"
"22949","Medium-moving"
"22950","Fast-moving"
"22951","Medium-moving"
"22952","Fast-moving"
"22953","Medium-moving"
"22954","Slow-moving"
"22955","Medium-moving"
"22956","Medium-moving"
"22957","Medium-moving"
"22959","Fast-moving"
"22960","Medium-moving"
"22961","Medium-moving"
"22962","Medium-moving"
"22963","Medium-moving"
"22964","Medium-moving"
"22965","Medium-moving"
"22966","Medium-moving"
"22967","Medium-moving"
"22968","Slow-moving"
"22969","Medium-moving"
"22970","Medium-moving"
"22971","Medium-moving"
"22972","Medium-moving"
"22973","Medium-moving"
"22974","Medium-moving"
"22975","Medium-moving"
"22976","Medium-moving"
"22977","Medium-moving"
"22978","Medium-moving"
"22979","Medium-moving"
"22980","Medium-moving"
"22981","Slow-moving"
"22982","Medium-moving"
"22983","Medium-moving"
"22984","Medium-moving"
"22985","Fast-moving"
"22986","Fast-moving"
"22987","Fast-moving"
"22988","Fast-moving"
"22989","Medium-moving"
"22990","Slow-moving"
"22991","Medium-moving"
"22992","Medium-moving"
"22993","Medium-moving"
"22994","Medium-moving"
"22995","Medium-moving"
"22996","Medium-moving"
"22997","Medium-moving"
"22998","Fast-moving"
"22999","Medium-moving"
"23000","Medium-moving"
"23001","Fast-moving"
"23002","Medium-moving"
"23003","Medium-moving"
"23004","Medium-moving"
"23005","Medium-moving"
"23006","Medium-moving"
"23007","Slow-moving"
"23008","Slow-moving"
"23009","Slow-moving"
"23010","Slow-moving"
"23012","Slow-moving"
"23013","Slow-moving"
"23014","Slow-moving"
"23015","Slow-moving"
"23016","Slow-moving"
"23017","Slow-moving"
"23018","Slow-moving"
"23019","Slow-moving"
"23020","Slow-moving"
"23021","Slow-moving"
"23022","Medium-moving"
"23023","Medium-moving"
"23024","Fast-moving"
"23025","Medium-moving"
"23026","Medium-moving"
"23027","Medium-moving"
"23028","Medium-moving"
"23029","Medium-moving"
"23031","Medium-moving"
"23032","Medium-moving"
"23033","Medium-moving"
"23034","Medium-moving"
"23035","Medium-moving"
"23036","Medium-moving"
"23037","Medium-moving"
"23038","Medium-moving"
"23039","Medium-moving"
"23040","Medium-moving"
"23041","Medium-moving"
"23042","Slow-moving"
"23043","Slow-moving"
"23044","Slow-moving"
"23045","Slow-moving"
"23046","Medium-moving"
"23047","Slow-moving"
"23048","Medium-moving"
"23049","Slow-moving"
"23050","Slow-moving"
"23051","Slow-moving"
"23052","Slow-moving"
"23053","Slow-moving"
"23054","Slow-moving"
"23055","Medium-moving"
"23056","Fast-moving"
"23057","Medium-moving"
"23058","Medium-moving"
"23060","Medium-moving"
"23061","Medium-moving"
"23064","Medium-moving"
"23065","Slow-moving"
"23066","Slow-moving"
"23067","Slow-moving"
"23068","Medium-moving"
"23069","Slow-moving"
"23070","Slow-moving"
"23071","Medium-moving"
"23072","Medium-moving"
"23073","Slow-moving"
"23074","Medium-moving"
"23075","Medium-moving"
"23076","Fast-moving"
"23077","Fast-moving"
"23078","Fast-moving"
"23079","Slow-moving"
"23080","Slow-moving"
"23081","Slow-moving"
"23082","Medium-moving"
"23083","Medium-moving"
"23084","Fast-moving"
"23085","Slow-moving"
"23086","Fast-moving"
"23087","Medium-moving"
"23088","Medium-moving"
"23089","Medium-moving"
"23090","Medium-moving"
"23091","Slow-moving"
"23092","Slow-moving"
"23093","Medium-moving"
"23094","Slow-moving"
"23096","Medium-moving"
"23099","Slow-moving"
"23100","Medium-moving"
"23101","Medium-moving"
"23102","Medium-moving"
"23103","Medium-moving"
"23104","Slow-moving"
"23106","Medium-moving"
"23107","Slow-moving"
"23108","Medium-moving"
"23109","Medium-moving"
"23110","Slow-moving"
"23111","Slow-moving"
"23112","Slow-moving"
"23113","Fast-moving"
"23114","Slow-moving"
"23115","Slow-moving"
"23116","Slow-moving"
"23117","Slow-moving"
"23118","Slow-moving"
"23119","Medium-moving"
"23120","Medium-moving"
"23121","Fast-moving"
"23122","Medium-moving"
"23123","Medium-moving"
"23124","Medium-moving"
"23125","Medium-moving"
"23126","Slow-moving"
"23127","Slow-moving"
"23128","Slow-moving"
"23129","Medium-moving"
"23130","Medium-moving"
"23131","Medium-moving"
"23132","Medium-moving"
"23133","Medium-moving"
"23134","Fast-moving"
"23135","Fast-moving"
"23136","Slow-moving"
"23137","Slow-moving"
"23138","Medium-moving"
"23139","Medium-moving"
"23140","Slow-moving"
"23141","Slow-moving"
"23142","Slow-moving"
"23143","Slow-moving"
"23144","Medium-moving"
"23145","Medium-moving"
"23146","Slow-moving"
"23147","Medium-moving"
"23148","Medium-moving"
"23149","Slow-moving"
"23150","Slow-moving"
"23151","Slow-moving"
"23152","Slow-moving"
"23153","Slow-moving"
"23154","Medium-moving"
"23155","Medium-moving"
"23156","Medium-moving"
"23157","Medium-moving"
"23158","Medium-moving"
"23159","Medium-moving"
"23160","Medium-moving"
"23161","Medium-moving"
"23162","Medium-moving"
"23163","Medium-moving"
"23164","Medium-moving"
"23165","Medium-moving"
"23166","Fast-moving"
"23167","Fast-moving"
"23168","Medium-moving"
"23169","Slow-moving"
"23170","Medium-moving"
"23171","Medium-moving"
"23172","Medium-moving"
"23173","Medium-moving"
"23174","Medium-moving"
"23175","Medium-moving"
"23176","Medium-moving"
"23177","Medium-moving"
"23178","Slow-moving"
"23179","Medium-moving"
"23180","Slow-moving"
"23181","Slow-moving"
"23182","Medium-moving"
"23183","Slow-moving"
"23184","Slow-moving"
"23185","Medium-moving"
"23186","Fast-moving"
"23187","Fast-moving"
"23188","Medium-moving"
"23189","Medium-moving"
"23190","Medium-moving"
"23191","Medium-moving"
"23192","Medium-moving"
"23193","Medium-moving"
"23194","Medium-moving"
"23196","Medium-moving"
"23197","Medium-moving"
"23198","Medium-moving"
"23199","Medium-moving"
"23200","Medium-moving"
"23201","Medium-moving"
"23202","Medium-moving"
"23203","Medium-moving"
"23204","Medium-moving"
"23205","Medium-moving"
"23206","Medium-moving"
"23207","Medium-moving"
"23208","Medium-moving"
"23209","Medium-moving"
"23210","Medium-moving"
"23211","Medium-moving"
"23212","Medium-moving"
"23213","Medium-moving"
"23214","Medium-moving"
"23215","Medium-moving"
"23216","Medium-moving"
"23217","Medium-moving"
"23218","Medium-moving"
"23219","Medium-moving"
"23220","Medium-moving"
"23221","Medium-moving"
"23222","Medium-moving"
"23223","Medium-moving"
"23224","Medium-moving"
"23225","Medium-moving"
"23226","Medium-moving"
"23227","Medium-moving"
"23228","Medium-moving"
"23229","Medium-moving"
"23230","Fast-moving"
"23231","Fast-moving"
"23232","Fast-moving"
"23233","Fast-moving"
"23234","Medium-moving"
"23235","Medium-moving"
"23236","Medium-moving"
"23237","Medium-moving"
"23238","Medium-moving"
"23239","Slow-moving"
"23240","Medium-moving"
"23241","Medium-moving"
"23242","Medium-moving"
"23243","Medium-moving"
"23244","Medium-moving"
"23245","Medium-moving"
"23247","Medium-moving"
"23249","Medium-moving"
"23250","Medium-moving"
"23251","Medium-moving"
"23252","Slow-moving"
"23253","Slow-moving"
"23254","Medium-moving"
"23255","Medium-moving"
"23256","Medium-moving"
"23263","Medium-moving"
"23264","Medium-moving"
"23265","Medium-moving"
"23266","Medium-moving"
"23267","Medium-moving"
"23268","Medium-moving"
"23269","Medium-moving"
"23270","Medium-moving"
"23271","Medium-moving"
"23272","Medium-moving"
"23273","Medium-moving"
"23274","Medium-moving"
"23275","Medium-moving"
"23280","Medium-moving"
"23281","Medium-moving"
"23282","Medium-moving"
"23283","Slow-moving"
"23284","Medium-moving"
"23285","Fast-moving"
"23286","Fast-moving"
"23287","Medium-moving"
"23288","Fast-moving"
"23289","Medium-moving"
"23290","Medium-moving"
"23291","Medium-moving"
"23292","Medium-moving"
"23293","Medium-moving"
"23294","Medium-moving"
"23295","Medium-moving"
"23296","Medium-moving"
"23297","Fast-moving"
"23298","Medium-moving"
"23299","Medium-moving"
"23300","Medium-moving"
"23301","Medium-moving"
"23302","Medium-moving"
"23303","Medium-moving"
"23304","Medium-moving"
"23305","Medium-moving"
"23306","Medium-moving"
"23307","Medium-moving"
"23308","Medium-moving"
"23309","Medium-moving"
"23310","Fast-moving"
"23311","Medium-moving"
"23312","Medium-moving"
"23313","Medium-moving"
"23314","Slow-moving"
"23315","Slow-moving"
"23316","Slow-moving"
"23317","Slow-moving"
"23318","Medium-moving"
"23319","Medium-moving"
"23320","Medium-moving"
"23321","Medium-moving"
"23322","Medium-moving"
"23323","Slow-moving"
"23324","Medium-moving"
"23325","Medium-moving"
"23326","Fast-moving"
"23327","Fast-moving"
"23328","Medium-moving"
"23329","Medium-moving"
"23330","Medium-moving"
"23331","Medium-moving"
"23332","Medium-moving"
"23333","Medium-moving"
"23334","Medium-moving"
"23335","Slow-moving"
"23336","Slow-moving"
"23337","Slow-moving"
"23338","Slow-moving"
"23339","Slow-moving"
"23340","Medium-moving"
"23341","Slow-moving"
"23342","Slow-moving"
"23343","Fast-moving"
"23344","Medium-moving"
"23345","Medium-moving"
"23346","Medium-moving"
"23347","Medium-moving"
"23348","Medium-moving"
"23349","Medium-moving"
"23350","Medium-moving"
"23351","Medium-moving"
"23352","Medium-moving"
"23353","Medium-moving"
"23354","Medium-moving"
"23355","Medium-moving"
"23356","Slow-moving"
"23357","Slow-moving"
"23358","Medium-moving"
"23359","Medium-moving"
"23360","Medium-moving"
"23365","Medium-moving"
"23366","Medium-moving"
"23367","Medium-moving"
"23368","Medium-moving"
"23369","Medium-moving"
"23370","Medium-moving"
"23371","Medium-moving"
"23372","Medium-moving"
"23373","Medium-moving"
"23374","Medium-moving"
"23375","Medium-moving"
"23376","Medium-moving"
"23377","Medium-moving"
"23378","Fast-moving"
"23379","Medium-moving"
"23380","Medium-moving"
"23381","Medium-moving"
"23382","Medium-moving"
"23388","Medium-moving"
"23389","Slow-moving"
"23390","Slow-moving"
"23391","Slow-moving"
"23392","Medium-moving"
"23393","Slow-moving"
"23394","Slow-moving"
"23395","Slow-moving"
"23396","Slow-moving"
"23397","Slow-moving"
"23398","Medium-moving"
"23399","Medium-moving"
"23400","Slow-moving"
"23401","Medium-moving"
"23402","Slow-moving"
"23403","Slow-moving"
"23404","Medium-moving"
"23405","Slow-moving"
"23406","Slow-moving"
"23407","Slow-moving"
"23408","Medium-moving"
"23409","Medium-moving"
"23410","Slow-moving"
"23411","Slow-moving"
"23412","Slow-moving"
"23413","Slow-moving"
"23414","Slow-moving"
"23415","Medium-moving"
"23416","Medium-moving"
"23417","Medium-moving"
"23418","Medium-moving"
"23419","Medium-moving"
"23420","Medium-moving"
"23421","Slow-moving"
"23422","Slow-moving"
"23423","Slow-moving"
"23424","Slow-moving"
"23425","Slow-moving"
"23426","Medium-moving"
"23427","Slow-moving"
"23428","Slow-moving"
"23429","Slow-moving"
"23430","Slow-moving"
"23431","Medium-moving"
"23432","Medium-moving"
"23433","Medium-moving"
"23434","Medium-moving"
"23435","Medium-moving"
"23436","Medium-moving"
"23437","Medium-moving"
"23438","Medium-moving"
"23439","Medium-moving"
"23440","Fast-moving"
"23441","Medium-moving"
"23442","Slow-moving"
"23444","Slow-moving"
"23445","Fast-moving"
"23446","Fast-moving"
"23447","Fast-moving"
"23448","Medium-moving"
"23449","Medium-moving"
"23451","Medium-moving"
"23452","Medium-moving"
"23453","Medium-moving"
"23454","Slow-moving"
"23455","Medium-moving"
"23456","Slow-moving"
"23457","Slow-moving"
"23458","Slow-moving"
"23459","Slow-moving"
"23460","Slow-moving"
"23461","Medium-moving"
"23462","Slow-moving"
"23463","Slow-moving"
"23464","Slow-moving"
"23465","Slow-moving"
"23466","Slow-moving"
"23467","Slow-moving"
"23468","Slow-moving"
"23469","Slow-moving"
"23470","Slow-moving"
"23471","Slow-moving"
"23472","Slow-moving"
"23473","Medium-moving"
"23474","Medium-moving"
"23475","Medium-moving"
"23476","Medium-moving"
"23477","Medium-moving"
"23478","Fast-moving"
"23479","Slow-moving"
"23480","Medium-moving"
"23481","Medium-moving"
"23482","Medium-moving"
"23483","Medium-moving"
"23484","Medium-moving"
"23485","Slow-moving"
"23486","Slow-moving"
"23487","Slow-moving"
"23489","Medium-moving"
"23490","Medium-moving"
"23491","Slow-moving"
"23492","Slow-moving"
"23493","Medium-moving"
"23494","Slow-moving"
"23495","Medium-moving"
"23496","Slow-moving"
"23497","Medium-moving"
"23498","Medium-moving"
"23499","Medium-moving"
"23500","Medium-moving"
"23501","Medium-moving"
"23502","Medium-moving"
"23503","Medium-moving"
"23504","Medium-moving"
"23505","Medium-moving"
"23506","Medium-moving"
"23507","Fast-moving"
"23508","Medium-moving"
"23509","Medium-moving"
"23510","Fast-moving"
"23511","Medium-moving"
"23512","Medium-moving"
"23513","Medium-moving"
"23514","Medium-moving"
"23515","Medium-moving"
"23516","Medium-moving"
"23517","Medium-moving"
"23518","Medium-moving"
"23519","Medium-moving"
"23520","Medium-moving"
"23521","Medium-moving"
"23522","Medium-moving"
"23523","Medium-moving"
"23524","Medium-moving"
"23525","Medium-moving"
"23526","Medium-moving"
"23527","Medium-moving"
"23528","Medium-moving"
"23529","Medium-moving"
"23530","Medium-moving"
"23531","Medium-moving"
"23532","Medium-moving"
"23533","Medium-moving"
"23534","Medium-moving"
"23535","Medium-moving"
"23536","Medium-moving"
"23537","Slow-moving"
"23538","Medium-moving"
"23539","Medium-moving"
"23540","Medium-moving"
"23541","Medium-moving"
"23542","Medium-moving"
"23543","Medium-moving"
"23544","Medium-moving"
"23545","Fast-moving"
"23546","Fast-moving"
"23547","Fast-moving"
"23548","Fast-moving"
"23549","Fast-moving"
"23550","Fast-moving"
"23551","Medium-moving"
"23552","Medium-moving"
"23553","Medium-moving"
"23554","Medium-moving"
"23555","Medium-moving"
"23556","Medium-moving"
"23557","Medium-moving"
"23558","Medium-moving"
"23559","Medium-moving"
"23560","Medium-moving"
"23561","Medium-moving"
"23562","Medium-moving"
"23564","Medium-moving"
"23565","Medium-moving"
"23566","Medium-moving"
"23567","Medium-moving"
"23568","Medium-moving"
"23569","Slow-moving"
"23570","Medium-moving"
"23571","Medium-moving"
"23574","Medium-moving"
"23575","Medium-moving"
"23576","Medium-moving"
"23578","Slow-moving"
"23579","Slow-moving"
"23580","Slow-moving"
"23581","Medium-moving"
"23582","Medium-moving"
"23583","Medium-moving"
"23595","Medium-moving"
"23597","Medium-moving"
"23598","Medium-moving"
"23601","Slow-moving"
"23602","Slow-moving"
"23603","Slow-moving"
"23604","Slow-moving"
"23605","Slow-moving"
"23607","Slow-moving"
"23608","Slow-moving"
"23609","Slow-moving"
"23610","Slow-moving"
"23611","Slow-moving"
"23612","Slow-moving"
"23613","Slow-moving"
"23614","Slow-moving"
"23615","Slow-moving"
"23616","Slow-moving"
"23617","Slow-moving"
"23619","Slow-moving"
"23620","Slow-moving"
"23621","Slow-moving"
"23623","Slow-moving"
"23624","Slow-moving"
"23625","Slow-moving"
"23626","Slow-moving"
"23627","Slow-moving"
"23628","Slow-moving"
"23629","Slow-moving"
"23630","Slow-moving"
"23632","Slow-moving"
"23633","Slow-moving"
"23634","Slow-moving"
"23635","Slow-moving"
"23636","Slow-moving"
"23637","Slow-moving"
"23638","Slow-moving"
"23639","Slow-moving"
"23640","Slow-moving"
"23643","Slow-moving"
"23644","Slow-moving"
"23645","Slow-moving"
"23646","Slow-moving"
"23649","Slow-moving"
"23650","Slow-moving"
"23652","Slow-moving"
"23654","Slow-moving"
"23660","Medium-moving"
"23661","Medium-moving"
"23664","Slow-moving"
"23681","Medium-moving"
"23691","Fast-moving"
"23692","Fast-moving"
"23694","Medium-moving"
"23695","Medium-moving"
"23697","Medium-moving"
"23702","Fast-moving"
"23843","Fast-moving"
"35001G","Medium-moving"
"35001W","Medium-moving"
"35004B","Medium-moving"
"35004C","Medium-moving"
"35004G","Medium-moving"
"35004P","Slow-moving"
"35095A","Medium-moving"
"35095B","Medium-moving"
"35241","Slow-moving"
"35265","Slow-moving"
"35271S","Medium-moving"
"35400","Slow-moving"
"35443","Slow-moving"
"35471D","Medium-moving"
"35591T","Slow-moving"
"35592T","Slow-moving"
"35597A","Slow-moving"
"35597B","Slow-moving"
"35597D","Medium-moving"
"35598A","Medium-moving"
"35598B","Fast-moving"
"35598C","Slow-moving"
"35598D","Medium-moving"
"35599B","Medium-moving"
"35599D","Medium-moving"
"35600A","Slow-moving"
"35607A","Medium-moving"
"35607B","Medium-moving"
"35609A","Slow-moving"
"35610A","Slow-moving"
"35610B","Fast-moving"
"35610C","Medium-moving"
"35637A","Medium-moving"
"35637C","Slow-moving"
"35638A","Medium-moving"
"35638B","Medium-moving"
"35645","Medium-moving"
"35646","Medium-moving"
"35647","Medium-moving"
"35648","Medium-moving"
"35649","Slow-moving"
"35650","Slow-moving"
"35651","Medium-moving"
"35653","Slow-moving"
"35809A","Medium-moving"
"35809B","Medium-moving"
"35810A","Medium-moving"
"35810B","Medium-moving"
"35815P","Fast-moving"
"35816P","Fast-moving"
"35817P","Medium-moving"
"35818B","Medium-moving"
"35818P","Medium-moving"
"35819B","Medium-moving"
"35819P","Fast-moving"
"35833G","Slow-moving"
"35833P","Slow-moving"
"35909A","Slow-moving"
"35909B","Slow-moving"
"35910A","Medium-moving"
"35910B","Slow-moving"
"35911A","Slow-moving"
"35911B","Medium-moving"
"35912B","Medium-moving"
"35913B","Slow-moving"
"35914","Slow-moving"
"35915B","Slow-moving"
"35915C","Medium-moving"
"35916A","Slow-moving"
"35916B","Slow-moving"
"35916C","Medium-moving"
"35920","Slow-moving"
"35921","Slow-moving"
"35922","Slow-moving"
"35923","Fast-moving"
"35924","Medium-moving"
"35933","Medium-moving"
"35951","Fast-moving"
"35953","Fast-moving"
"35954","Fast-moving"
"35957","Medium-moving"
"35958","Slow-moving"
"35961","Medium-moving"
"35964","Medium-moving"
"35965","Medium-moving"
"35966","Medium-moving"
"35967","Medium-moving"
"35968","Medium-moving"
"35970","Medium-moving"
"35971","Medium-moving"
"35972","Medium-moving"
"37327","Medium-moving"
"37330","Medium-moving"
"37333","Slow-moving"
"37340","Medium-moving"
"37342","Medium-moving"
"37343","Medium-moving"
"37351","Medium-moving"
"37370","Medium-moving"
"37379A","Medium-moving"
"37413","Fast-moving"
"37423","Fast-moving"
"37444A","Slow-moving"
"37444B","Slow-moving"
"37444C","Slow-moving"
"37446","Medium-moving"
"37447","Medium-moving"
"37448","Medium-moving"
"37449","Slow-moving"
"37450","Medium-moving"
"37461","Slow-moving"
"37462E","Slow-moving"
"37464","Slow-moving"
"37467","Medium-moving"
"37468","Medium-moving"
"37471","Medium-moving"
"37474","Slow-moving"
"37475","Slow-moving"
"37476","Slow-moving"
"37479B","Medium-moving"
"37479P","Medium-moving"
"37482P","Medium-moving"
"37487B","Fast-moving"
"37488A","Medium-moving"
"37489A","Slow-moving"
"37489B","Slow-moving"
"37489C","Slow-moving"
"37489D","Slow-moving"
"37491A","Slow-moving"
"37491B","Slow-moving"
"37491C","Medium-moving"
"37491D","Slow-moving"
"37495","Slow-moving"
"37500","Slow-moving"
"37501","Slow-moving"
"37509","Slow-moving"
"40001","Medium-moving"
"40003","Medium-moving"
"40005B","Slow-moving"
"40016","Fast-moving"
"40046A","Medium-moving"
"44089A","Slow-moving"
"44089C","Slow-moving"
"44091A","Slow-moving"
"44092B","Slow-moving"
"44092C","Slow-moving"
"44228","Medium-moving"
"44234","Medium-moving"
"44235","Fast-moving"
"44236","Medium-moving"
"44242A","Medium-moving"
"44242B","Medium-moving"
"44265","Slow-moving"
"45013","Slow-moving"
"46000M","Medium-moving"
"46000P","Slow-moving"
"46000R","Slow-moving"
"46000S","Medium-moving"
"46000U","Slow-moving"
"46115B","Medium-moving"
"46118","Medium-moving"
"46126A","Medium-moving"
"46138B","Slow-moving"
"46775D","Slow-moving"
"46776A","Slow-moving"
"46776B","Slow-moving"
"46776C","Slow-moving"
"46776D","Slow-moving"
"46776E","Slow-moving"
"46776F","Slow-moving"
"47013A","Slow-moving"
"47013C","Slow-moving"
"47016","Slow-moving"
"47021G","Fast-moving"
"47310M","Slow-moving"
"47341A","Medium-moving"
"47341B","Slow-moving"
"47343A","Medium-moving"
"47344B","Medium-moving"
"47348A","Medium-moving"
"47351B","Medium-moving"
"47367B","Slow-moving"
"47369A","Slow-moving"
"47369B","Slow-moving"
"47420","Medium-moving"
"47421","Medium-moving"
"47422","Medium-moving"
"47469","Fast-moving"
"47471","Medium-moving"
"47480","Medium-moving"
"47481","Medium-moving"
"47503A","Medium-moving"
"47503H","Slow-moving"
"47503J","Slow-moving"
"47504H","Medium-moving"
"47504K","Medium-moving"
"47518f","Fast-moving"
"47556B","Fast-moving"
"47559B","Medium-moving"
"47563A","Slow-moving"
"47566","Medium-moving"
"47566B","Medium-moving"
"47567B","Slow-moving"
"47570B","Medium-moving"
"47574A","Slow-moving"
"47574B","Slow-moving"
"47578A","Slow-moving"
"47579","Slow-moving"
"47580","Slow-moving"
"47585A","Slow-moving"
"47586A","Slow-moving"
"47589","Slow-moving"
"47590A","Medium-moving"
"47590B","Medium-moving"
"47591B","Slow-moving"
"47591D","Medium-moving"
"47593A","Slow-moving"
"47593B","Medium-moving"
"47594A","Slow-moving"
"47594B","Slow-moving"
"47599A","Medium-moving"
"47599B","Medium-moving"
"48111","Slow-moving"
"48116","Medium-moving"
"48129","Slow-moving"
"48138","Medium-moving"
"48173C","Medium-moving"
"48184","Slow-moving"
"48185","Medium-moving"
"48187","Medium-moving"
"48188","Medium-moving"
"48189","Slow-moving"
"48194","Medium-moving"
"51008","Fast-moving"
"51014A","Medium-moving"
"51014C","Medium-moving"
"51014L","Medium-moving"
"51020A","Medium-moving"
"51020B","Medium-moving"
"62018","Fast-moving"
"62043B","Slow-moving"
"62074B","Slow-moving"
"62086A","Medium-moving"
"62094B","Slow-moving"
"62095B","Slow-moving"
"62096A","Medium-moving"
"62096B","Slow-moving"
"62097B","Slow-moving"
"70006","Fast-moving"
"70007","Medium-moving"
"71038","Medium-moving"
"71050","Medium-moving"
"71053","Medium-moving"
"71101E","Medium-moving"
"71143","Slow-moving"
"71215","Medium-moving"
"71270","Slow-moving"
"71279","Slow-moving"
"71403","Slow-moving"
"71406C","Medium-moving"
"71459","Fast-moving"
"71477","Fast-moving"
"71495A","Medium-moving"
"71495B","Fast-moving"
"71496A","Medium-moving"
"71496B","Slow-moving"
"71510","Medium-moving"
"72024U","Fast-moving"
"72051S","Medium-moving"
"72122","Medium-moving"
"72127","Medium-moving"
"72128","Medium-moving"
"72130","Medium-moving"
"72131","Medium-moving"
"72132","Slow-moving"
"72133","Slow-moving"
"72134","Medium-moving"
"72140E","Slow-moving"
"72225C","Fast-moving"
"72232","Fast-moving"
"72349b","Slow-moving"
"72351A","Medium-moving"
"72351B","Medium-moving"
"72369A","Medium-moving"
"72586","Medium-moving"
"72598","Medium-moving"
"72709","Medium-moving"
"72741","Fast-moving"
"72760B","Slow-moving"
"72780","Medium-moving"
"72783","Medium-moving"
"72798C","Slow-moving"
"72799C","Slow-moving"
"72799E","Medium-moving"
"72799F","Slow-moving"
"72800B","Slow-moving"
"72800C","Slow-moving"
"72800D","Slow-moving"
"72800E","Slow-moving"
"72801C","Slow-moving"
"72801D","Slow-moving"
"72801G","Medium-moving"
"72802A","Medium-moving"
"72802B","Medium-moving"
"72802C","Medium-moving"
"72803A","Medium-moving"
"72803b","Slow-moving"
"72807A","Slow-moving"
"72807B","Slow-moving"
"72807C","Slow-moving"
"72811","Medium-moving"
"72812","Slow-moving"
"72814","Slow-moving"
"72815","Slow-moving"
"72816","Medium-moving"
"72817","Medium-moving"
"72818","Fast-moving"
"72819","Medium-moving"
"72821","Slow-moving"
"75011","Medium-moving"
"75013B","Slow-moving"
"75049L","Fast-moving"
"75131","Fast-moving"
"75172","Medium-moving"
"75178","Fast-moving"
"77079","Slow-moving"
"77101A","Medium-moving"
"78033","Slow-moving"
"78034B","Slow-moving"
"78124","Medium-moving"
"79000","Fast-moving"
"79026B","Slow-moving"
"79030D","Medium-moving"
"79030G","Fast-moving"
"79051A","Medium-moving"
"79062D","Fast-moving"
"79063C","Fast-moving"
"79063D","Fast-moving"
"79066K","Medium-moving"
"79067","Slow-moving"
"79071B","Slow-moving"
"79144B","Slow-moving"
"79144C","Slow-moving"
"79149B","Slow-moving"
"79151B","Medium-moving"
"79157B","Slow-moving"
"79157V","Slow-moving"
"79160","Medium-moving"
"79161A","Medium-moving"
"79163","Fast-moving"
"79164","Fast-moving"
"79190A","Medium-moving"
"79190B","Medium-moving"
"79190D","Medium-moving"
"79191B","Medium-moving"
"79191C","Medium-moving"
"79191D","Slow-moving"
"79192A","Slow-moving"
"79302M","Medium-moving"
"79321","Medium-moving"
"79323B","Medium-moving"
"79323P","Slow-moving"
"79329","Medium-moving"
"79331","Medium-moving"
"79336","Medium-moving"
"79337","Fast-moving"
"79403","Medium-moving"
"79406","Medium-moving"
"81950B","Medium-moving"
"81950V","Slow-moving"
"81952B","Fast-moving"
"81952V","Medium-moving"
"81953B","Slow-moving"
"81953P","Medium-moving"
"82001S","Medium-moving"
"82011A","Slow-moving"
"82011B","Slow-moving"
"82011C","Slow-moving"
"82095","Slow-moving"
"82482","Medium-moving"
"82483","Slow-moving"
"82484","Medium-moving"
"82486","Slow-moving"
"82494L","Medium-moving"
"82551","Medium-moving"
"82552","Medium-moving"
"82567","Slow-moving"
"82578","Medium-moving"
"82580","Medium-moving"
"82581","Medium-moving"
"82582","Medium-moving"
"82583","Medium-moving"
"82599","Slow-moving"
"82600","Medium-moving"
"82605","Slow-moving"
"82613A","Slow-moving"
"82613B","Medium-moving"
"82613C","Medium-moving"
"82613D","Medium-moving"
"82615","Fast-moving"
"82616B","Slow-moving"
"82616C","Slow-moving"
"84006","Medium-moving"
"84012","Medium-moving"
"84016","Medium-moving"
"84029E","Medium-moving"
"84029G","Medium-moving"
"84030E","Slow-moving"
"84031A","Slow-moving"
"84031B","Slow-moving"
"84032A","Slow-moving"
"84032B","Slow-moving"
"84033","Slow-moving"
"84050","Medium-moving"
"84051","Medium-moving"
"84077","Fast-moving"
"84078A","Slow-moving"
"84086B","Slow-moving"
"84086C","Slow-moving"
"84192","Slow-moving"
"84199","Slow-moving"
"84201B","Medium-moving"
"84201C","Medium-moving"
"84206A","Medium-moving"
"84206B","Medium-moving"
"84206C","Slow-moving"
"84212","Fast-moving"
"84218","Slow-moving"
"84226","Medium-moving"
"84227","Slow-moving"
"84228","Medium-moving"
"84231","Medium-moving"
"84247C","Slow-moving"
"84247E","Slow-moving"
"84247G","Medium-moving"
"84247K","Medium-moving"
"84247L","Medium-moving"
"84247N","Slow-moving"
"84249A","Medium-moving"
"84251B","Slow-moving"
"84251C","Slow-moving"
"84251G","Medium-moving"
"84270","Slow-moving"
"84279B","Medium-moving"
"84279P","Slow-moving"
"84306","Slow-moving"
"84313B","Slow-moving"
"84313C","Medium-moving"
"84341B","Medium-moving"
"84347","Fast-moving"
"84352","Slow-moving"
"84356","Medium-moving"
"84358","Slow-moving"
"84360","Slow-moving"
"84375","Medium-moving"
"84378","Medium-moving"
"84380","Medium-moving"
"84387A","Medium-moving"
"84388","Slow-moving"
"84402B","Medium-moving"
"84406B","Medium-moving"
"84415A","Medium-moving"
"84415B","Slow-moving"
"84422","Fast-moving"
"84429A","Slow-moving"
"84452","Medium-moving"
"84457","Slow-moving"
"84459A","Medium-moving"
"84459B","Medium-moving"
"84461","Slow-moving"
"84462","Slow-moving"
"84465","Slow-moving"
"84466","Slow-moving"
"84497","Medium-moving"
"84499","Slow-moving"
"84507B","Slow-moving"
"84507C","Slow-moving"
"84508A","Fast-moving"
"84508B","Slow-moving"
"84508C","Slow-moving"
"84509A","Slow-moving"
"84509B","Slow-moving"
"84509c","Slow-moving"
"84509E","Slow-moving"
"84509G","Medium-moving"
"84510A","Slow-moving"
"84510C","Slow-moving"
"84510E","Slow-moving"
"84519A","Medium-moving"
"84519B","Slow-moving"
"84520B","Medium-moving"
"84522","Slow-moving"
"84527","Medium-moving"
"84531A","Slow-moving"
"84531B","Medium-moving"
"84534B","Slow-moving"
"84535A","Fast-moving"
"84535B","Medium-moving"
"84536A","Medium-moving"
"84536B","Medium-moving"
"84539","Medium-moving"
"84548","Slow-moving"
"84549","Medium-moving"
"84550","Slow-moving"
"84551","Medium-moving"
"84558A","Slow-moving"
"84559A","Slow-moving"
"84559B","Slow-moving"
"84562A","Slow-moving"
"84563A","Slow-moving"
"84563B","Slow-moving"
"84568","Fast-moving"
"84569A","Slow-moving"
"84569B","Slow-moving"
"84569C","Slow-moving"
"84569D","Slow-moving"
"84575A","Slow-moving"
"84576","Slow-moving"
"84580","Slow-moving"
"84581","Slow-moving"
"84584","Slow-moving"
"84592","Slow-moving"
"84593","Slow-moving"
"84595E","Slow-moving"
"84596B","Medium-moving"
"84596E","Medium-moving"
"84596F","Medium-moving"
"84596G","Medium-moving"
"84596J","Medium-moving"
"84596L","Medium-moving"
"84597B","Medium-moving"
"84597C","Slow-moving"
"84598","Medium-moving"
"84600","Slow-moving"
"84609","Slow-moving"
"84611B","Fast-moving"
"84613A","Slow-moving"
"84613C","Slow-moving"
"84614A","Slow-moving"
"84616","Slow-moving"
"84617","Slow-moving"
"84620","Slow-moving"
"84625A","Medium-moving"
"84625C","Medium-moving"
"84629","Slow-moving"
"84631","Slow-moving"
"84632","Slow-moving"
"84637","Slow-moving"
"84638","Slow-moving"
"84658","Slow-moving"
"84659A","Slow-moving"
"84660A","Medium-moving"
"84660b","Medium-moving"
"84660C","Medium-moving"
"84661A","Medium-moving"
"84661B","Slow-moving"
"84661C","Medium-moving"
"84663A","Medium-moving"
"84665","Medium-moving"
"84666","Medium-moving"
"84670","Fast-moving"
"84673A","Slow-moving"
"84673B","Slow-moving"
"84674","Slow-moving"
"84675","Slow-moving"
"84678","Medium-moving"
"84679","Slow-moving"
"84683","Medium-moving"
"84685","Slow-moving"
"84686","Medium-moving"
"84687","Slow-moving"
"84688","Slow-moving"
"84689","Slow-moving"
"84691","Fast-moving"
"84692","Medium-moving"
"84705C","Medium-moving"
"84706D","Slow-moving"
"84706F","Slow-moving"
"84707A","Slow-moving"
"84707B","Slow-moving"
"84708B","Slow-moving"
"84709B","Slow-moving"
"84711A","Slow-moving"
"84711B","Slow-moving"
"84712B","Slow-moving"
"84715","Medium-moving"
"84723","Medium-moving"
"84725","Slow-moving"
"84731","Slow-moving"
"84732B","Medium-moving"
"84732D","Medium-moving"
"84741C","Slow-moving"
"84743C","Slow-moving"
"84744","Medium-moving"
"84745A","Medium-moving"
"84745B","Medium-moving"
"84746","Medium-moving"
"84748","Slow-moving"
"84750A","Fast-moving"
"84750B","Medium-moving"
"84751B","Slow-moving"
"84754","Medium-moving"
"84755","Fast-moving"
"84760S","Slow-moving"
"84763","Medium-moving"
"84766","Medium-moving"
"84773","Slow-moving"
"84789","Slow-moving"
"84792","Slow-moving"
"84795B","Slow-moving"
"84795C","Slow-moving"
"84796a","Slow-moving"
"84796B","Slow-moving"
"84798A","Medium-moving"
"84798B","Slow-moving"
"84799","Fast-moving"
"84800L","Medium-moving"
"84800M","Medium-moving"
"84800S","Medium-moving"
"84801A","Medium-moving"
"84801B","Medium-moving"
"84802A","Slow-moving"
"84802B","Slow-moving"
"84803A","Slow-moving"
"84803B","Slow-moving"
"84804A","Medium-moving"
"84804B","Medium-moving"
"84805A","Medium-moving"
"84805B","Medium-moving"
"84806A","Medium-moving"
"84806B","Medium-moving"
"84809A","Medium-moving"
"84809B","Medium-moving"
"84813","Slow-moving"
"84816","Slow-moving"
"84817","Medium-moving"
"84818","Medium-moving"
"84819","Medium-moving"
"84820","Medium-moving"
"84821","Fast-moving"
"84823","Slow-moving"
"84824","Slow-moving"
"84826","Fast-moving"
"84827","Fast-moving"
"84828","Medium-moving"
"84832","Medium-moving"
"84836","Medium-moving"
"84840","Slow-moving"
"84842","Slow-moving"
"84843","Slow-moving"
"84846A","Slow-moving"
"84847","Slow-moving"
"84849A","Slow-moving"
"84849B","Slow-moving"
"84849D","Medium-moving"
"84854","Medium-moving"
"84856L","Slow-moving"
"84856S","Slow-moving"
"84857B","Fast-moving"
"84857C","Medium-moving"
"84858C","Fast-moving"
"84859A","Slow-moving"
"84859B","Slow-moving"
"84859C","Slow-moving"
"84865","Slow-moving"
"84870B","Slow-moving"
"84870C","Slow-moving"
"84872a","Slow-moving"
"84873A","Slow-moving"
"84874B","Slow-moving"
"84875B","Medium-moving"
"84875D","Medium-moving"
"84876B","Medium-moving"
"84876D","Medium-moving"
"84877A","Medium-moving"
"84877B","Medium-moving"
"84877D","Slow-moving"
"84879","Fast-moving"
"84880","Slow-moving"
"84881","Slow-moving"
"84882","Slow-moving"
"84884A","Slow-moving"
"84898F","Slow-moving"
"84905","Slow-moving"
"84906","Slow-moving"
"84907","Slow-moving"
"84910A","Slow-moving"
"84912A","Slow-moving"
"84912B","Slow-moving"
"84913A","Slow-moving"
"84913B","Slow-moving"
"84915","Medium-moving"
"84916","Medium-moving"
"84917","Medium-moving"
"84919","Slow-moving"
"84920","Slow-moving"
"84921","Slow-moving"
"84922","Slow-moving"
"84923","Slow-moving"
"84924A","Slow-moving"
"84924F","Slow-moving"
"84925D","Slow-moving"
"84925F","Medium-moving"
"84926A","Medium-moving"
"84926D","Fast-moving"
"84926E","Fast-moving"
"84926F","Medium-moving"
"84927A","Slow-moving"
"84927D","Slow-moving"
"84927E","Slow-moving"
"84927F","Medium-moving"
"84929","Fast-moving"
"84931A","Slow-moving"
"84931B","Slow-moving"
"84944","Medium-moving"
"84945","Fast-moving"
"84946","Fast-moving"
"84947","Fast-moving"
"84949","Medium-moving"
"84950","Fast-moving"
"84951A","Medium-moving"
"84951B","Medium-moving"
"84952A","Slow-moving"
"84952B","Medium-moving"
"84952C","Medium-moving"
"84963A","Slow-moving"
"84963B","Slow-moving"
"84968A","Slow-moving"
"84968B","Slow-moving"
"84968C","Slow-moving"
"84968D","Slow-moving"
"84968e","Slow-moving"
"84968F","Slow-moving"
"84969","Slow-moving"
"84970L","Medium-moving"
"84970S","Medium-moving"
"84971L","Slow-moving"
"84971S","Medium-moving"
"84974","Slow-moving"
"84975","Slow-moving"
"84976","Medium-moving"
"84977","Slow-moving"
"84978","Medium-moving"
"84984A","Slow-moving"
"84984B","Slow-moving"
"84984D","Slow-moving"
"84985A","Slow-moving"
"84987","Medium-moving"
"84988","Medium-moving"
"84989a","Slow-moving"
"84990","Slow-moving"
"84991","Fast-moving"
"84992","Fast-moving"
"84993A","Medium-moving"
"84993B","Slow-moving"
"84997A","Medium-moving"
"84997B","Medium-moving"
"84997C","Medium-moving"
"84997D","Medium-moving"
"85006","Medium-moving"
"85008","Slow-moving"
"85014A","Slow-moving"
"85014B","Medium-moving"
"85015","Medium-moving"
"85016","Medium-moving"
"85017A","Slow-moving"
"85017B","Medium-moving"
"85017C","Slow-moving"
"85018C","Slow-moving"
"85018D","Slow-moving"
"85019A","Medium-moving"
"85019B","Medium-moving"
"85019C","Medium-moving"
"85020","Slow-moving"
"85023B","Medium-moving"
"85024B","Medium-moving"
"85024C","Slow-moving"
"85025B","Medium-moving"
"85025C","Medium-moving"
"85026B","Medium-moving"
"85027L","Slow-moving"
"85028L","Slow-moving"
"85028S","Medium-moving"
"85030","Slow-moving"
"85031A","Slow-moving"
"85031B","Slow-moving"
"85031C","Slow-moving"
"85032A","Medium-moving"
"85032B","Medium-moving"
"85032C","Slow-moving"
"85032D","Medium-moving"
"85034A","Medium-moving"
"85034B","Medium-moving"
"85034C","Medium-moving"
"85035A","Slow-moving"
"85035B","Medium-moving"
"85035C","Medium-moving"
"85036A","Slow-moving"
"85036b","Medium-moving"
"85036C","Medium-moving"
"85038","Medium-moving"
"85039A","Slow-moving"
"85039B","Slow-moving"
"85039C","Slow-moving"
"85040A","Slow-moving"
"85040B","Slow-moving"
"85044","Slow-moving"
"85045","Slow-moving"
"85047","Slow-moving"
"85048","Medium-moving"
"85049A","Medium-moving"
"85049B","Slow-moving"
"85049C","Medium-moving"
"85049D","Slow-moving"
"85049E","Medium-moving"
"85049F","Slow-moving"
"85049G","Medium-moving"
"85049H","Slow-moving"
"85053","Medium-moving"
"85054","Medium-moving"
"85055","Slow-moving"
"85059","Slow-moving"
"85061W","Medium-moving"
"85062","Medium-moving"
"85064","Medium-moving"
"85066","Slow-moving"
"85067","Slow-moving"
"85071A","Medium-moving"
"85071B","Medium-moving"
"85071C","Medium-moving"
"85071D","Slow-moving"
"85078","Medium-moving"
"85084","Medium-moving"
"85086A","Slow-moving"
"85087","Slow-moving"
"85088","Slow-moving"
"85089","Slow-moving"
"85092","Medium-moving"
"85093","Medium-moving"
"85094","Medium-moving"
"85095","Slow-moving"
"85096","Slow-moving"
"85099B","Fast-moving"
"85099C","Medium-moving"
"85099F","Fast-moving"
"85103","Medium-moving"
"85104","Medium-moving"
"85106","Fast-moving"
"85107","Fast-moving"
"85109","Medium-moving"
"85111","Fast-moving"
"85114A","Medium-moving"
"85114B","Medium-moving"
"85114C","Medium-moving"
"85115B","Slow-moving"
"85116","Medium-moving"
"85118","Medium-moving"
"85119","Slow-moving"
"85123A","Medium-moving"
"85124B","Slow-moving"
"85124C","Slow-moving"
"85125","Slow-moving"
"85126","Slow-moving"
"85127","Slow-moving"
"85129B","Slow-moving"
"85129C","Medium-moving"
"85129D","Slow-moving"
"85130A","Medium-moving"
"85130B","Medium-moving"
"85130C","Medium-moving"
"85130D","Medium-moving"
"85131A","Medium-moving"
"85131B","Slow-moving"
"85131C","Slow-moving"
"85131D","Slow-moving"
"85132A","Slow-moving"
"85132B","Medium-moving"
"85132C","Medium-moving"
"85135A","Slow-moving"
"85135B","Slow-moving"
"85135C","Slow-moving"
"85136A","Slow-moving"
"85136B","Slow-moving"
"85136C","Slow-moving"
"85141","Slow-moving"
"85144","Medium-moving"
"85145","Slow-moving"
"85146","Slow-moving"
"85150","Medium-moving"
"85152","Medium-moving"
"85159A","Medium-moving"
"85159B","Medium-moving"
"85160a","Slow-moving"
"85160B","Medium-moving"
"85161","Slow-moving"
"85163A","Slow-moving"
"85163B","Slow-moving"
"85167B","Medium-moving"
"85168B","Slow-moving"
"85169A","Medium-moving"
"85169B","Medium-moving"
"85169C","Medium-moving"
"85169D","Medium-moving"
"85170A","Slow-moving"
"85170B","Medium-moving"
"85170C","Slow-moving"
"85170D","Slow-moving"
"85172","Fast-moving"
"85173","Medium-moving"
"85174","Slow-moving"
"85175","Fast-moving"
"85176","Medium-moving"
"85177","Medium-moving"
"85178","Medium-moving"
"85179A","Slow-moving"
"85179C","Slow-moving"
"85180A","Medium-moving"
"85180B","Medium-moving"
"85183A","Medium-moving"
"85183B","Medium-moving"
"85184C","Medium-moving"
"85185B","Medium-moving"
"85185D","Slow-moving"
"85186A","Medium-moving"
"85186C","Medium-moving"
"85187","Slow-moving"
"85188A","Medium-moving"
"85188B","Medium-moving"
"85189","Slow-moving"
"85194L","Medium-moving"
"85194S","Medium-moving"
"85195","Slow-moving"
"85197","Slow-moving"
"85198","Medium-moving"
"85199L","Medium-moving"
"85199S","Medium-moving"
"85200","Medium-moving"
"85202","Medium-moving"
"85203","Medium-moving"
"85204","Medium-moving"
"85205B","Slow-moving"
"85206A","Medium-moving"
"85206B","Slow-moving"
"85208","Slow-moving"
"85211","Medium-moving"
"85212","Fast-moving"
"85213","Fast-moving"
"85214","Slow-moving"
"85215","Medium-moving"
"85216","Medium-moving"
"85224","Slow-moving"
"85225","Slow-moving"
"85226A","Slow-moving"
"85227","Medium-moving"
"85230A","Fast-moving"
"85230B","Fast-moving"
"85230E","Fast-moving"
"85230F","Fast-moving"
"85230G","Fast-moving"
"85231B","Medium-moving"
"85231G","Medium-moving"
"85232A","Slow-moving"
"85232B","Medium-moving"
"85232D","Slow-moving"
"90000A","Slow-moving"
"90000B","Slow-moving"
"90000D","Slow-moving"
"90001A","Slow-moving"
"90001B","Slow-moving"
"90001C","Slow-moving"
"90001D","Slow-moving"
"90002D","Slow-moving"
"90003B","Slow-moving"
"90003C","Slow-moving"
"90003D","Slow-moving"
"90003E","Slow-moving"
"90005A","Slow-moving"
"90010A","Slow-moving"
"90010B","Slow-moving"
"90010E","Slow-moving"
"90011A","Slow-moving"
"90011B","Slow-moving"
"90011C","Slow-moving"
"90011D","Slow-moving"
"90011E","Slow-moving"
"90012A","Slow-moving"
"90012B","Slow-moving"
"90013A","Slow-moving"
"90013B","Slow-moving"
"90013C","Slow-moving"
"90013D","Slow-moving"
"90014A","Slow-moving"
"90014B","Slow-moving"
"90014C","Slow-moving"
"90016A","Slow-moving"
"90016B","Slow-moving"
"90016C","Slow-moving"
"90018A","Slow-moving"
"90018B","Slow-moving"
"90018C","Slow-moving"
"90019A","Slow-moving"
"90019B","Slow-moving"
"90019C","Slow-moving"
"90020","Slow-moving"
"90021","Slow-moving"
"90022","Slow-moving"
"90023","Slow-moving"
"90024B","Slow-moving"
"90024C","Slow-moving"
"90024D","Slow-moving"
"90024E","Slow-moving"
"90024F","Slow-moving"
"90025A","Slow-moving"
"90025B","Slow-moving"
"90025D","Slow-moving"
"90025E","Slow-moving"
"90025F","Slow-moving"
"90026A","Slow-moving"
"90026B","Slow-moving"
"90026C","Slow-moving"
"90026D","Slow-moving"
"90027A","Slow-moving"
"90027B","Slow-moving"
"90027C","Slow-moving"
"90027D","Slow-moving"
"90028","Slow-moving"
"90029","Slow-moving"
"90030A","Medium-moving"
"90030B","Slow-moving"
"90030C","Medium-moving"
"90031","Medium-moving"
"90032","Slow-moving"
"90033","Slow-moving"
"90034","Slow-moving"
"90035A","Slow-moving"
"90035C","Slow-moving"
"90036A","Slow-moving"
"90036B","Slow-moving"
"90036C","Slow-moving"
"90036D","Slow-moving"
"90036E","Slow-moving"
"90036F","Slow-moving"
"90037A","Slow-moving"
"90037B","Slow-moving"
"90037C","Slow-moving"
"90038A","Slow-moving"
"90038B","Slow-moving"
"90038C","Slow-moving"
"90039A","Slow-moving"
"90039B","Slow-moving"
"90039C","Slow-moving"
"90039D","Slow-moving"
"90040A","Slow-moving"
"90040B","Slow-moving"
"90040C","Slow-moving"
"90041","Slow-moving"
"90042A","Slow-moving"
"90042B","Slow-moving"
"90042C","Slow-moving"
"90043","Slow-moving"
"90046","Slow-moving"
"90048","Slow-moving"
"90049","Slow-moving"
"90050","Slow-moving"
"90051","Slow-moving"
"90052","Slow-moving"
"90053","Slow-moving"
"90054","Slow-moving"
"90055","Slow-moving"
"90056","Slow-moving"
"90057","Fast-moving"
"90058A","Fast-moving"
"90058B","Fast-moving"
"90059A","Slow-moving"
"90059B","Slow-moving"
"90059C","Slow-moving"
"90059D","Slow-moving"
"90059E","Slow-moving"
"90059F","Slow-moving"
"90060B","Slow-moving"
"90060D","Slow-moving"
"90060F","Slow-moving"
"90062","Slow-moving"
"90063A","Slow-moving"
"90063B","Slow-moving"
"90064A","Slow-moving"
"90064B","Slow-moving"
"90065A","Slow-moving"
"90065B","Slow-moving"
"90067A","Slow-moving"
"90067B","Slow-moving"
"90068","Slow-moving"
"90069","Slow-moving"
"90070","Slow-moving"
"90071","Slow-moving"
"90072","Slow-moving"
"90073","Slow-moving"
"90074","Slow-moving"
"90075","Slow-moving"
"90076","Slow-moving"
"90077","Slow-moving"
"90078","Slow-moving"
"90079","Slow-moving"
"90081A","Slow-moving"
"90081B","Slow-moving"
"90081C","Slow-moving"
"90082A","Slow-moving"
"90082B","Slow-moving"
"90082D","Slow-moving"
"90083","Slow-moving"
"90084","Slow-moving"
"90085","Slow-moving"
"90086","Slow-moving"
"90087","Slow-moving"
"90089","Slow-moving"
"90092","Slow-moving"
"90093","Medium-moving"
"90094","Slow-moving"
"90096","Slow-moving"
"90098","Slow-moving"
"90099","Slow-moving"
"90100","Slow-moving"
"90101","Slow-moving"
"90102","Medium-moving"
"90103","Slow-moving"
"90104","Slow-moving"
"90108","Medium-moving"
"90112","Slow-moving"
"90114","Slow-moving"
"90115","Slow-moving"
"90116","Slow-moving"
"90118","Slow-moving"
"90119","Slow-moving"
"90120A","Slow-moving"
"90120B","Slow-moving"
"90120C","Slow-moving"
"90120D","Slow-moving"
"90122A","Slow-moving"
"90122B","Slow-moving"
"90122C","Slow-moving"
"90123A","Slow-moving"
"90123B","Slow-moving"
"90123C","Slow-moving"
"90123D","Slow-moving"
"90124A","Slow-moving"
"90124B","Slow-moving"
"90124C","Slow-moving"
"90125A","Medium-moving"
"90125B","Slow-moving"
"90125C","Medium-moving"
"90125D","Medium-moving"
"90125E","Slow-moving"
"90126A","Slow-moving"
"90126C","Slow-moving"
"90127A","Slow-moving"
"90128A","Slow-moving"
"90128B","Slow-moving"
"90128C","Slow-moving"
"90128D","Slow-moving"
"90129A","Slow-moving"
"90129B","Slow-moving"
"90129C","Slow-moving"
"90129D","Slow-moving"
"90129E","Slow-moving"
"90129F","Slow-moving"
"90130A","Slow-moving"
"90130B","Slow-moving"
"90130C","Slow-moving"
"90130D","Slow-moving"
"90131","Slow-moving"
"90132","Slow-moving"
"90133","Slow-moving"
"90134","Slow-moving"
"90135","Slow-moving"
"90135A","Slow-moving"
"90136","Slow-moving"
"90137","Slow-moving"
"90138","Slow-moving"
"90140","Slow-moving"
"90141A","Slow-moving"
"90141B","Slow-moving"
"90141C","Slow-moving"
"90141D","Slow-moving"
"90141E","Slow-moving"
"90142A","Slow-moving"
"90142D","Slow-moving"
"90143","Slow-moving"
"90144","Slow-moving"
"90145","Slow-moving"
"90146","Slow-moving"
"90147","Slow-moving"
"90148","Slow-moving"
"90149","Medium-moving"
"90151","Slow-moving"
"90152A","Slow-moving"
"90152B","Slow-moving"
"90152C","Slow-moving"
"90154","Medium-moving"
"90155","Slow-moving"
"90156","Slow-moving"
"90157","Slow-moving"
"90158","Slow-moving"
"90159","Slow-moving"
"90160A","Slow-moving"
"90160B","Slow-moving"
"90160C","Slow-moving"
"90160D","Slow-moving"
"90161A","Slow-moving"
"90161B","Slow-moving"
"90161C","Slow-moving"
"90161D","Slow-moving"
"90162A","Medium-moving"
"90162B","Slow-moving"
"90162C","Slow-moving"
"90162D","Slow-moving"
"90163A","Slow-moving"
"90163B","Slow-moving"
"90164A","Slow-moving"
"90164B","Slow-moving"
"90165A","Slow-moving"
"90165B","Slow-moving"
"90166","Slow-moving"
"90167","Medium-moving"
"90168","Slow-moving"
"90169","Slow-moving"
"90170","Slow-moving"
"90173","Slow-moving"
"90174","Slow-moving"
"90175A","Slow-moving"
"90175B","Slow-moving"
"90175C","Slow-moving"
"90175D","Slow-moving"
"90176A","Slow-moving"
"90176B","Slow-moving"
"90176C","Slow-moving"
"90176D","Slow-moving"
"90176E","Slow-moving"
"90177A","Slow-moving"
"90177B","Slow-moving"
"90177C","Slow-moving"
"90177D","Slow-moving"
"90177E","Slow-moving"
"90178A","Slow-moving"
"90178B","Slow-moving"
"90179A","Slow-moving"
"90179B","Slow-moving"
"90179C","Slow-moving"
"90180A","Slow-moving"
"90180B","Slow-moving"
"90181A","Slow-moving"
"90181B","Slow-moving"
"90181C","Slow-moving"
"90182A","Slow-moving"
"90182B","Slow-moving"
"90182C","Slow-moving"
"90183A","Slow-moving"
"90183B","Slow-moving"
"90183C","Slow-moving"
"90184A","Slow-moving"
"90184B","Slow-moving"
"90184C","Slow-moving"
"90185A","Slow-moving"
"90185B","Slow-moving"
"90185C","Slow-moving"
"90185D","Slow-moving"
"90186A","Slow-moving"
"90186B","Slow-moving"
"90187A","Slow-moving"
"90187B","Slow-moving"
"90188","Slow-moving"
"90189A","Slow-moving"
"90190A","Slow-moving"
"90190B","Slow-moving"
"90190C","Slow-moving"
"90191","Slow-moving"
"90192","Slow-moving"
"90194","Slow-moving"
"90195A","Slow-moving"
"90195B","Slow-moving"
"90196A","Slow-moving"
"90196B","Slow-moving"
"90197B","Slow-moving"
"90198A","Slow-moving"
"90198B","Slow-moving"
"90199A","Slow-moving"
"90199B","Slow-moving"
"90199C","Slow-moving"
"90199D","Slow-moving"
"90200A","Slow-moving"
"90200B","Slow-moving"
"90200C","Slow-moving"
"90200D","Slow-moving"
"90200E","Slow-moving"
"90201A","Slow-moving"
"90201B","Slow-moving"
"90201C","Slow-moving"
"90201D","Slow-moving"
"90202A","Slow-moving"
"90202B","Slow-moving"
"90202C","Slow-moving"
"90202D","Slow-moving"
"90204","Slow-moving"
"90205A","Slow-moving"
"90205C","Slow-moving"
"90206A","Slow-moving"
"90206C","Slow-moving"
"90208","Slow-moving"
"90209A","Fast-moving"
"90209B","Slow-moving"
"90209C","Medium-moving"
"90210A","Slow-moving"
"90210B","Medium-moving"
"90210C","Medium-moving"
"90210D","Medium-moving"
"90211A","Slow-moving"
"90211B","Slow-moving"
"90212B","Slow-moving"
"90212C","Slow-moving"
"90214A","Slow-moving"
"90214B","Slow-moving"
"90214C","Slow-moving"
"90214D","Slow-moving"
"90214E","Slow-moving"
"90214F","Slow-moving"
"90214G","Slow-moving"
"90214H","Slow-moving"
"90214I","Slow-moving"
"90214J","Slow-moving"
"90214K","Slow-moving"
"90214L","Slow-moving"
"90214M","Slow-moving"
"90214N","Slow-moving"
"90214O","Slow-moving"
"90214P","Slow-moving"
"90214R","Slow-moving"
"90214S","Slow-moving"
"90214T","Slow-moving"
"90214U","Medium-moving"
"90214V","Slow-moving"
"90214W","Slow-moving"
"90214Y","Medium-moving"
"90214Z","Slow-moving"
"AMAZONFEE","Slow-moving"
"B","Slow-moving"
"BANK CHARGES","Slow-moving"
"C2","Slow-moving"
"DCGS0003","Slow-moving"
"DCGS0004","Slow-moving"
"DCGS0069","Slow-moving"
"DCGS0070","Slow-moving"
"DCGS0076","Slow-moving"
"DCGSSBOY","Slow-moving"
"DCGSSGIRL","Slow-moving"
"DOT","Slow-moving"
"gift_0001_10","Slow-moving"
"gift_0001_20","Slow-moving"
"gift_0001_30","Slow-moving"
"gift_0001_40","Slow-moving"
"gift_0001_50","Slow-moving"
"M","Fast-moving"
"PADS","Slow-moving"
"POST","Medium-moving"
"S","Slow-moving"
